 input=0.2 predelay=0.5 taps=1.8 early=2.1 linemix=2.1 linedelay=5.3 linediff=15.2 linefilt=0.1 out=2.0 ctrl=0.1 param=0.0 cli$$ input=0.6 predelay=0.7 taps=1.8 early=3.2 linemix=0.5 linedelay=1.3 linediff=6.1 linefilt=0.9 out=0.8 ctrl=0.1 param=0.0 clip=1.4 stage=2.6 wait=0.0 other=0.3 | mix=717 decay=652 tone=648 freeze=0 updates=0 overloads=0 blocks=1000/1000
controls pots=0 717 651 648 cv1=1(raw 999) cv2=1(raw 999)
staging copies=133 failures=0 stack_free=16636 mdma_lists=69689 mdma_errors=0 mdma_status=0x0 mdma_maxpolls=2425 list=98/99 us timed=1000 late=0 stale=0
load program=0 lines=3 mixed=0 avg=21.1% max=21.4% | input=0.6 predelay=0.7 taps=1.8 early=3.2 linemix=0.5 linedelay=1.3 linediff=6.1 linefilt=0.9 out=0.8 ctrl=0.1 param=0.0 clip=1.4 stage=2.6 wait=0.0 other=0.3 | mix=717 decay=652 tone=648 freeze=0 updates=0 overloads=0 blocks=1000/1000
controls pots=0 717 651 648 cv1=1(raw 999) cv2=1(raw 999)
staging copies=127 failures=0 stack_free=16636 mdma_lists=70689 mdma_errors=0 mdma_status=0x0 mdma_maxpolls=2425 list=98/99 us timed=1000 late=0 stale=0
load program=0 lines=3 mixed=0 avg=21.1% max=21.4% | input=0.6 predelay=0.7 taps=1.8 early=3.2 linemix=0.5 linedelay=1.3 linediff=6.1 linefilt=0.9 out=0.8 ctrl=0.1 param=0.0 clip=1.4 stage=2.6 wait=0.0 other=0.3 | mix=717 decay=652 tone=648 freeze=0 updates=0 overloads=0 blocks=1000/1000
controls pots=0 717 651 648 cv1=1(raw 999) cv2=1(raw 999)
staging copies=126 failures=0 stack_free=16636 mdma_lists=71689 mdma_errors=0 mdma_status=0x0 mdma_maxpolls=2425 list=98/98 us timed=1000 late=0 stale=0
load program=0 lines=3 mixed=0 avg=21.1% max=21.4% | input=0.6 predelay=0.7 taps=1.8 early=3.2 linemix=0.5 linedelay=1.3 linediff=6.1 linefilt=0.9 out=0.8 ctrl=0.1 param=0.0 clip=1.4 stage=2.6 wait=0.0 other=0.3 | mix=717 decay=652 tone=648 freeze=0 updates=0 overloads=0 blocks=1000/1000
controls pots=0 717 651 648 cv1=1(raw 999) cv2=1(raw 999)
staging copies=132 failures=0 stack_free=16636 mdma_lists=72689 mdma_errors=0 mdma_status=0x0 mdma_maxpolls=2425 list=98/98 us timed=1000 late=0 stale=0
load program=0 lines=3 mixed=0 avg=21.1% max=21.4% | input=0.6 predelay=0.7 taps=1.8 early=3.2 linemix=0.5 linedelay=1.3 linediff=6.1 linefilt=0.9 out=0.8 ctrl=0.1 param=0.0 clip=1.4 stage=2.6 wait=0.0 other=0.3 | mix=717 decay=652 tone=648 freeze=0 updates=0 overloads=0 blocks=1000/1000
controls pots=0 717 651 648 cv1=1(raw 999) cv2=1(raw 999)
staging copies=130 failures=0 stack_free=16636 mdma_lists=73689 mdma_errors=0 mdma_status=0x0 mdma_maxpolls=2425 list=98/98 us timed=1000 late=0 stale=0
load program=0 lines=3 mixed=0 avg=21.1% max=21.5% | input=0.6 predelay=0.7 taps=1.8 early=3.2 linemix=0.5 linedelay=1.3 linediff=6.1 linefilt=0.9 out=0.8 ctrl=0.1 param=0.0 clip=1.4 stage=2.6 wait=0.0 other=0.3 | mix=744 decay=652 tone=648 freeze=0 updates=0 overloads=0 blocks=1000/1000
controls pots=0 744 651 648 cv1=1(raw 999) cv2=1(raw 999)
staging copies=126 failures=0 stack_free=16636 mdma_lists=74689 mdma_errors=0 mdma_status=0x0 mdma_maxpolls=2425 list=98/99 us timed=1000 late=0 stale=0
load program=0 lines=3 mixed=0 avg=21.1% max=21.4% | input=0.6 predelay=0.7 taps=1.8 early=3.2 linemix=0.5 linedelay=1.3 linediff=6.1 linefilt=0.9 out=0.8 ctrl=0.1 param=0.0 clip=1.4 stage=2.6 wait=0.0 other=0.3 | mix=974 decay=652 tone=648 freeze=0 updates=0 overloads=0 blocks=1000/1000
controls pots=0 974 651 648 cv1=1(raw 999) cv2=1(raw 999)
staging copies=131 failures=0 stack_free=16636 mdma_lists=75689 mdma_errors=0 mdma_status=0x0 mdma_maxpolls=2425 list=98/98 us timed=1000 late=0 stale=0
load program=0 lines=3 mixed=0 avg=21.1% max=21.4% | input=0.6 predelay=0.7 taps=1.8 early=3.2 linemix=0.5 linedelay=1.3 linediff=6.1 linefilt=0.9 out=0.8 ctrl=0.1 param=0.0 clip=1.4 stage=2.6 wait=0.0 other=0.3 | mix=1000 decay=652 tone=648 freeze=0 updates=0 overloads=0 blocks=1000/1000
controls pots=0 1000 651 648 cv1=1(raw 999) cv2=1(raw 999)
staging copies=126 failures=0 stack_free=16636 mdma_lists=76689 mdma_errors=0 mdma_status=0x0 mdma_maxpolls=2425 list=98/99 us timed=1000 late=0 stale=0
load program=0 lines=3 mixed=0 avg=21.2% max=22.6% | input=0.6 predelay=0.7 taps=1.8 early=3.2 linemix=0.5 linedelay=1.3 linediff=6.1 linefilt=0.9 out=0.8 ctrl=0.1 param=0.1 clip=1.4 stage=2.6 wait=0.0 other=0.3 | mix=1000 decay=813 tone=648 freeze=0 updates=132 overloads=0 blocks=1000/1000
controls pots=0 1000 812 648 cv1=1(raw 999) cv2=1(raw 999)
staging copies=131 failures=0 stack_free=16636 mdma_lists=77689 mdma_errors=0 mdma_status=0x0 mdma_maxpolls=2425 list=98/98 us timed=1000 late=0 stale=0
load program=0 lines=3 mixed=0 avg=21.2% max=22.5% | input=0.6 predelay=0.7 taps=1.8 early=3.2 linemix=0.5 linedelay=1.3 linediff=6.1 linefilt=0.9 out=0.8 ctrl=0.1 param=0.1 clip=1.4 stage=2.6 wait=0.0 other=0.3 | mix=1000 decay=966 tone=648 freeze=0 updates=136 overloads=0 blocks=1000/1000
controls pots=0 1000 965 648 cv1=1(raw 999) cv2=1(raw 999)
staging copies=132 failures=0 stack_free=16636 mdma_lists=78689 mdma_errors=0 mdma_status=0x0 mdma_maxpolls=2425 list=98/98 us timed=1000 late=0 stale=0
load program=0 lines=3 mixed=0 avg=21.1% max=22.4% | input=0.6 predelay=0.7 taps=1.8 early=3.2 linemix=0.5 linedelay=1.3 linediff=6.1 linefilt=0.9 out=0.8 ctrl=0.1 param=0.0 clip=1.4 stage=2.6 wait=0.0 other=0.3 | mix=1000 decay=1000 tone=648 freeze=0 updates=31 overloads=0 blocks=1000/1000
controls pots=0 1000 1000 648 cv1=1(raw 999) cv2=1(raw 999)
staging copies=128 failures=0 stack_free=16636 mdma_lists=79689 mdma_errors=0 mdma_status=0x0 mdma_maxpolls=2425 list=98/99 us timed=1000 late=0 stale=0
load program=0 lines=3 mixed=0 avg=21.1% max=21.5% | input=0.6 predelay=0.7 taps=1.8 early=3.2 linemix=0.5 linedelay=1.3 linediff=6.1 linefilt=0.9 out=0.8 ctrl=0.1 param=0.0 clip=1.4 stage=2.6 wait=0.0 other=0.3 | mix=1000 decay=1000 tone=648 freeze=0 updates=0 overloads=0 blocks=1000/1000
controls pots=0 1000 1000 648 cv1=1(raw 999) cv2=1(raw 999)
staging copies=129 failures=0 stack_free=16636 mdma_lists=80689 mdma_errors=0 mdma_status=0x0 mdma_maxpolls=2425 list=98/98 us timed=1000 late=0 stale=0
load program=0 lines=3 mixed=0 avg=21.1% max=21.5% | input=0.6 predelay=0.7 taps=1.8 early=3.2 linemix=0.5 linedelay=1.3 linediff=6.1 linefilt=0.9 out=0.8 ctrl=0.1 param=0.0 clip=1.4 stage=2.6 wait=0.0 other=0.3 | mix=1000 decay=1000 tone=781 freeze=0 updates=112 overloads=0 blocks=1000/1000
controls pots=0 1000 1000 781 cv1=1(raw 999) cv2=1(raw 999)
staging copies=129 failures=0 stack_free=16636 mdma_lists=81689 mdma_errors=0 mdma_status=0x0 mdma_maxpolls=2425 list=98/98 us timed=1000 late=0 stale=0
load program=0 lines=3 mixed=0 avg=21.1% max=21.6% | input=0.6 predelay=0.7 taps=1.8 early=3.2 linemix=0.5 linedelay=1.3 linediff=6.1 linefilt=0.9 out=0.8 ctrl=0.1 param=0.0 clip=1.4 stage=2.6 wait=0.0 other=0.3 | mix=1000 decay=1000 tone=913 freeze=0 updates=119 overloads=0 blocks=1000/1000
controls pots=0 1000 1000 913 cv1=1(raw 999) cv2=1(raw 999)
staging copies=126 failures=0 stack_free=16636 mdma_lists=82689 mdma_errors=0 mdma_status=0x0 mdma_maxpolls=2425 list=98/98 us timed=1000 late=0 stale=0
load program=0 lines=3 mixed=0 avg=21.1% max=21.6% | input=0.6 predelay=0.7 taps=1.8 early=3.2 linemix=0.5 linedelay=1.3 linediff=6.1 linefilt=0.9 out=0.8 ctrl=0.1 param=0.0 clip=1.4 stage=2.6 wait=0.0 other=0.3 | mix=1000 decay=1000 tone=993 freeze=0 updates=77 overloads=0 blocks=1000/1000
controls pots=0 1000 1000 993 cv1=1(raw 999) cv2=1(raw 999)
staging copies=126 failures=0 stack_free=16636 mdma_lists=83689 mdma_errors=0 mdma_status=0x0 mdma_maxpolls=2425 list=98/98 us timed=1000 late=0 stale=0
load program=0 lines=3 mixed=0 avg=21.1% max=21.6% | input=0.6 predelay=0.7 taps=1.8 early=3.2 linemix=0.5 linedelay=1.3 linediff=6.1 linefilt=0.9 out=0.8 ctrl=0.1 param=0.0 clip=1.4 stage=2.6 wait=0.0 other=0.3 | mix=1000 decay=1000 tone=1000 freeze=0 updates=6 overloads=0 blocks=1000/1000
controls pots=0 1000 1000 1000 cv1=1(raw 999) cv2=1(raw 999)
staging copies=131 failures=0 stack_free=16636 mdma_lists=84689 mdma_errors=0 mdma_status=0x0 mdma_maxpolls=2425 list=98/98 us timed=1000 late=0 stale=0
load program=0 lines=3 mixed=0 avg=21.1% max=21.4% | input=0.6 predelay=0.7 taps=1.8 early=3.2 linemix=0.5 linedelay=1.3 linediff=6.1 linefilt=0.9 out=0.8 ctrl=0.1 param=0.0 clip=1.4 stage=2.6 wait=0.0 other=0.3 | mix=1000 decay=1000 tone=1000 freeze=0 updates=0 overloads=0 blocks=1000/1000
controls pots=0 1000 1000 1000 cv1=1(raw 999) cv2=1(raw 999)
staging copies=127 failures=0 stack_free=16636 mdma_lists=85689 mdma_errors=0 mdma_status=0x0 mdma_maxpolls=2425 list=98/98 us timed=1000 late=0 stale=0
load program=0 lines=3 mixed=0 avg=21.3% max=22.5% | input=0.6 predelay=0.7 taps=1.8 early=3.2 linemix=0.5 linedelay=1.3 linediff=6.1 linefilt=0.9 out=0.8 ctrl=0.1 param=0.2 clip=1.4 stage=2.6 wait=0.0 other=0.3 | mix=1000 decay=727 tone=1000 freeze=0 updates=215 overloads=0 blocks=1000/1000
controls pots=0 1000 726 1000 cv1=1(raw 999) cv2=1(raw 999)
staging copies=130 failures=0 stack_free=16636 mdma_lists=86689 mdma_errors=0 mdma_status=0x0 mdma_maxpolls=2425 list=98/99 us timed=1000 late=0 stale=0
load program=0 lines=3 mixed=0 avg=21.1% max=22.6% | input=0.6 predelay=0.7 taps=1.8 early=3.2 linemix=0.5 linedelay=1.3 linediff=6.1 linefilt=0.9 out=0.8 ctrl=0.1 param=0.0 clip=1.4 stage=2.6 wait=0.0 other=0.3 | mix=1000 decay=658 tone=1000 freeze=0 updates=58 overloads=0 blocks=1000/1000
controls pots=0 1000 657 1000 cv1=1(raw 999) cv2=1(raw 999)
staging copies=133 failures=0 stack_free=16636 mdma_lists=87689 mdma_errors=0 mdma_status=0x0 mdma_maxpolls=2425 list=98/99 us timed=1000 late=0 stale=0
load program=0 lines=3 mixed=0 avg=21.1% max=21.5% | input=0.6 predelay=0.7 taps=1.8 early=3.2 linemix=0.5 linedelay=1.3 linediff=6.1 linefilt=0.9 out=0.8 ctrl=0.1 param=0.0 clip=1.4 stage=2.6 wait=0.0 other=0.3 | mix=1000 decay=658 tone=878 freeze=0 updates=108 overloads=0 blocks=1000/1000
controls pots=0 1000 657 878 cv1=1(raw 999) cv2=1(raw 999)
staging copies=127 failures=0 stack_free=16636 mdma_lists=88689 mdma_errors=0 mdma_status=0x0 mdma_maxpolls=2425 list=98/98 us timed=1000 late=0 stale=0
load program=0 lines=3 mixed=0 avg=21.1% max=21.8% | input=0.6 predelay=0.7 taps=1.8 early=3.2 linemix=0.5 linedelay=1.3 linediff=6.1 linefilt=0.9 out=0.8 ctrl=0.1 param=0.0 clip=1.4 stage=2.6 wait=0.0 other=0.3 | mix=1000 decay=658 tone=834 freeze=0 updates=43 overloads=0 blocks=1000/1000
controls pots=0 1000 657 834 cv1=1(raw 999) cv2=1(raw 999)
staging copies=126 failures=0 stack_free=16636 mdma_lists=89689 mdma_errors=0 mdma_status=0x0 mdma_maxpolls=2425 list=98/99 us timed=1000 late=0 stale=0
load program=0 lines=3 mixed=0 avg=21.1% max=21.3% | input=0.6 predelay=0.7 taps=1.8 early=3.2 linemix=0.5 linedelay=1.3 linediff=6.1 linefilt=0.9 out=0.8 ctrl=0.1 param=0.0 clip=1.4 stage=2.6 wait=0.0 other=0.3 | mix=1000 decay=658 tone=834 freeze=0 updates=0 overloads=0 blocks=1000/1000
controls pots=0 1000 657 834 cv1=1(raw 999) cv2=1(raw 999)
staging copies=130 failures=0 stack_free=16636 mdma_lists=90689 mdma_errors=0 mdma_status=0x0 mdma_maxpolls=2425 list=98/98 us timed=1000 late=0 stale=0
load program=0 lines=3 mixed=0 avg=21.1% max=21.4% | input=0.6 predelay=0.7 taps=1.8 early=3.2 linemix=0.5 linedelay=1.3 linediff=6.1 linefilt=0.9 out=0.8 ctrl=0.1 param=0.0 clip=1.4 stage=2.6 wait=0.0 other=0.3 | mix=787 decay=658 tone=834 freeze=0 updates=0 overloads=0 blocks=1000/1000
controls pots=0 787 657 834 cv1=1(raw 999) cv2=1(raw 999)
staging copies=126 failures=0 stack_free=16636 mdma_lists=91689 mdma_errors=0 mdma_status=0x0 mdma_maxpolls=2425 list=98/98 us timed=1000 late=0 stale=0
load program=0 lines=3 mixed=0 avg=21.1% max=21.4% | input=0.6 predelay=0.7 taps=1.8 early=3.2 linemix=0.5 linedelay=1.3 linediff=6.1 linefilt=0.9 out=0.8 ctrl=0.1 param=0.0 clip=1.4 stage=2.6 wait=0.0 other=0.3 | mix=787 decay=658 tone=834 freeze=0 updates=0 overloads=0 blocks=1000/1000
controls pots=0 787 657 834 cv1=1(raw 999) cv2=1(raw 999)
staging copies=126 failures=0 stack_free=16636 mdma_lists=92689 mdma_errors=0 mdma_status=0x0 mdma_maxpolls=2425 list=98/98 us timed=1000 late=0 stale=0
load program=0 lines=3 mixed=0 avg=21.1% max=21.4% | input=0.6 predelay=0.7 taps=1.8 early=3.2 linemix=0.5 linedelay=1.3 linediff=6.1 linefilt=0.9 out=0.8 ctrl=0.1 param=0.0 clip=1.4 stage=2.6 wait=0.0 other=0.3 | mix=787 decay=658 tone=834 freeze=0 updates=0 overloads=0 blocks=1000/1000
controls pots=37 787 657 834 cv1=1(raw 999) cv2=1(raw 999)
staging copies=130 failures=0 stack_free=16636 mdma_lists=93689 mdma_errors=0 mdma_status=0x0 mdma_maxpolls=2425 list=98/98 us timed=1000 late=0 stale=0
program 1 "Medium Space" lines=3 limit=3 early=7 late=5 taps=26 predelay=0
  mod=eld interp=1 filters=-lL-c latetap=1 streams=83 sdram=0 placed=416+0KB unplaced=0 clock=480MHz
  staging=mdma sets=1 staged=52 unstaged=2 taps=50 copies<=252 tcm=30/87KB itcm=ok
load program=0 lines=3 mixed=1 avg=22.4% max=27.1% | input=0.6 predelay=0.7 taps=1.9 early=3.2 linemix=0.5 linedelay=1.3 linediff=6.4 linefilt=1.2 out=0.8 ctrl=0.1 param=0.0 clip=1.4 stage=2.7 wait=0.0 other=0.3 | mix=787 decay=658 tone=834 freeze=0 updates=2 overloads=0 blocks=957/1000
controls pots=172 787 657 834 cv1=1(raw 999) cv2=1(raw 999)
staging copies=152 failures=0 stack_free=16636 mdma_lists=94647 mdma_errors=0 mdma_status=0x0 mdma_maxpolls=2425 list=104/118 us timed=958 late=1 stale=0
load program=1 lines=3 mixed=0 avg=24.9% max=26.2% | input=0.6 predelay=0.7 taps=2.2 early=3.7 linemix=0.5 linedelay=1.3 linediff=7.7 linefilt=1.8 out=0.8 ctrl=0.1 param=0.0 clip=1.5 stage=3.1 wait=0.0 other=0.3 | mix=787 decay=666 tone=834 freeze=0 updates=7 overloads=0 blocks=1000/1000
controls pots=172 787 665 834 cv1=1(raw 999) cv2=1(raw 999)
staging copies=154 failures=0 stack_free=16636 mdma_lists=95647 mdma_errors=0 mdma_status=0x0 mdma_maxpolls=2425 list=117/118 us timed=1000 late=0 stale=0
load program=1 lines=3 mixed=0 avg=25.0% max=26.3% | input=0.6 predelay=0.7 taps=2.2 early=3.7 linemix=0.5 linedelay=1.3 linediff=7.7 linefilt=1.8 out=0.8 ctrl=0.1 param=0.0 clip=1.5 stage=3.1 wait=0.0 other=0.3 | mix=787 decay=727 tone=834 freeze=0 updates=56 overloads=0 blocks=1000/1000
controls pots=172 787 726 834 cv1=1(raw 999) cv2=1(raw 999)
staging copies=159 failures=0 stack_free=16636 mdma_lists=96647 mdma_errors=0 mdma_status=0x0 mdma_maxpolls=2425 list=117/118 us timed=1000 late=0 stale=0
load program=1 lines=3 mixed=0 avg=24.9% max=25.4% | input=0.6 predelay=0.7 taps=2.2 early=3.7 linemix=0.5 linedelay=1.3 linediff=7.7 linefilt=1.8 out=0.8 ctrl=0.1 param=0.0 clip=1.5 stage=3.1 wait=0.0 other=0.3 | mix=787 decay=727 tone=931 freeze=0 updates=87 overloads=0 blocks=1000/1000
controls pots=172 787 726 931 cv1=1(raw 999) cv2=1(raw 999)
staging copies=155 failures=0 stack_free=16636 mdma_lists=97647 mdma_errors=0 mdma_status=0x0 mdma_maxpolls=2425 list=117/118 us timed=1000 late=0 stale=0
load program=1 lines=3 mixed=0 avg=24.9% max=25.3% | input=0.6 predelay=0.7 taps=2.2 early=3.7 linemix=0.5 linedelay=1.3 linediff=7.7 linefilt=1.8 out=0.8 ctrl=0.1 param=0.0 clip=1.5 stage=3.1 wait=0.0 other=0.3 | mix=787 decay=727 tone=1000 freeze=0 updates=59 overloads=0 blocks=1000/1000
controls pots=172 787 726 1000 cv1=1(raw 999) cv2=1(raw 999)
staging copies=154 failures=0 stack_free=16636 mdma_lists=98647 mdma_errors=0 mdma_status=0x0 mdma_maxpolls=2425 list=117/118 us timed=1000 late=0 stale=0
load program=1 lines=3 mixed=0 avg=24.9% max=25.2% | input=0.6 predelay=0.7 taps=2.2 early=3.7 linemix=0.5 linedelay=1.3 linediff=7.7 linefilt=1.8 out=0.8 ctrl=0.1 param=0.0 clip=1.5 stage=3.1 wait=0.0 other=0.3 | mix=787 decay=727 tone=1000 freeze=0 updates=0 overloads=0 blocks=1000/1000
controls pots=172 787 726 1000 cv1=1(raw 999) cv2=1(raw 999)
staging copies=162 failures=0 stack_free=16636 mdma_lists=99647 mdma_errors=0 mdma_status=0x0 mdma_maxpolls=2425 list=117/118 us timed=1000 late=0 stale=0
load program=1 lines=3 mixed=0 avg=24.9% max=25.2% | input=0.6 predelay=0.7 taps=2.2 early=3.7 linemix=0.5 linedelay=1.3 linediff=7.7 linefilt=1.8 out=0.8 ctrl=0.1 param=0.0 clip=1.5 stage=3.1 wait=0.0 other=0.3 | mix=787 decay=727 tone=1000 freeze=0 updates=0 overloads=0 blocks=1000/1000
controls pots=172 787 726 1000 cv1=1(raw 999) cv2=1(raw 999)
staging copies=153 failures=0 stack_free=16636 mdma_lists=100647 mdma_errors=0 mdma_status=0x0 mdma_maxpolls=2425 list=117/119 us timed=1000 late=0 stale=0
load program=1 lines=3 mixed=0 avg=24.9% max=25.2% | input=0.6 predelay=0.7 taps=2.2 early=3.7 linemix=0.5 linedelay=1.3 linediff=7.7 linefilt=1.8 out=0.8 ctrl=0.1 param=0.0 clip=1.5 stage=3.1 wait=0.0 other=0.3 | mix=787 decay=727 tone=1000 freeze=0 updates=0 overloads=0 blocks=1000/1000
controls pots=172 787 726 1000 cv1=1(raw 999) cv2=1(raw 999)
staging copies=156 failures=0 stack_free=16636 mdma_lists=101647 mdma_errors=0 mdma_status=0x0 mdma_maxpolls=2425 list=117/118 us timed=1000 late=0 stale=0
load program=1 lines=3 mixed=0 avg=25.2% max=26.3% | input=0.6 predelay=0.7 taps=2.2 early=3.7 linemix=0.5 linedelay=1.3 linediff=7.7 linefilt=1.8 out=0.8 ctrl=0.1 param=0.2 clip=1.5 stage=3.1 wait=0.0 other=0.3 | mix=787 decay=471 tone=1000 freeze=0 updates=214 overloads=0 blocks=1000/1000
controls pots=172 787 470 1000 cv1=1(raw 999) cv2=1(raw 999)
staging copies=159 failures=0 stack_free=16636 mdma_lists=102647 mdma_errors=0 mdma_status=0x0 mdma_maxpolls=2425 list=117/118 us timed=1000 late=0 stale=0
load program=1 lines=3 mixed=0 avg=24.9% max=25.5% | input=0.6 predelay=0.7 taps=2.2 early=3.7 linemix=0.5 linedelay=1.3 linediff=7.7 linefilt=1.8 out=0.8 ctrl=0.1 param=0.0 clip=1.5 stage=3.1 wait=0.0 other=0.3 | mix=787 decay=471 tone=920 freeze=0 updates=63 overloads=0 blocks=1000/1000
controls pots=172 787 470 920 cv1=1(raw 999) cv2=1(raw 999)
staging copies=156 failures=0 stack_free=16636 mdma_lists=103647 mdma_errors=0 mdma_status=0x0 mdma_maxpolls=2425 list=117/118 us timed=1000 late=0 stale=0
load program=1 lines=3 mixed=0 avg=24.9% max=25.5% | input=0.6 predelay=0.7 taps=2.2 early=3.7 linemix=0.5 linedelay=1.3 linediff=7.7 linefilt=1.8 out=0.8 ctrl=0.1 param=0.0 clip=1.5 stage=3.1 wait=0.0 other=0.3 | mix=787 decay=471 tone=838 freeze=0 updates=70 overloads=0 blocks=1000/1000
controls pots=172 787 470 838 cv1=1(raw 999) cv2=1(raw 999)
staging copies=152 failures=0 stack_free=16636 mdma_lists=104647 mdma_errors=0 mdma_status=0x0 mdma_maxpolls=2425 list=117/118 us timed=1000 late=0 stale=0
load program=1 lines=3 mixed=0 avg=24.9% max=25.2% | input=0.6 predelay=0.7 taps=2.2 early=3.7 linemix=0.5 linedelay=1.3 linediff=7.7 linefilt=1.8 out=0.8 ctrl=0.1 param=0.0 clip=1.5 stage=3.1 wait=0.0 other=0.3 | mix=787 decay=471 tone=838 freeze=0 updates=0 overloads=0 blocks=1000/1000
controls pots=172 787 470 838 cv1=1(raw 999) cv2=1(raw 999)
staging copies=159 failures=0 stack_free=16636 mdma_lists=105647 mdma_errors=0 mdma_status=0x0 mdma_maxpolls=2425 list=117/118 us timed=1000 late=0 stale=0
load program=1 lines=3 mixed=0 avg=24.9% max=25.2% | input=0.6 predelay=0.7 taps=2.2 early=3.7 linemix=0.5 linedelay=1.3 linediff=7.7 linefilt=1.8 out=0.8 ctrl=0.1 param=0.0 clip=1.5 stage=3.1 wait=0.0 other=0.3 | mix=787 decay=471 tone=838 freeze=0 updates=0 overloads=0 blocks=1000/1000
controls pots=211 787 470 838 cv1=1(raw 999) cv2=1(raw 999)
staging copies=155 failures=0 stack_free=16636 mdma_lists=106647 mdma_errors=0 mdma_status=0x0 mdma_maxpolls=2425 list=117/118 us timed=1000 late=0 stale=0
program 2 "Noise in the Hallway" lines=8 limit=8 early=3 late=1 taps=1 predelay=0
  mod=--- interp=1 filters=-l-Hc latetap=0 streams=51 sdram=0 placed=402+93KB unplaced=0 clock=480MHz
  staging=mdma sets=1 staged=40 unstaged=2 taps=0 copies<=116 tcm=15/87KB itcm=ok
load program=1 lines=3 mixed=1 avg=19.9% max=25.2% | input=0.6 predelay=0.7 taps=1.0 early=1.3 linemix=1.1 linedelay=2.8 linediff=2.9 linefilt=3.4 out=1.1 ctrl=0.1 param=0.0 clip=1.4 stage=2.0 wait=0.0 other=0.3 | mix=787 decay=471 tone=838 freeze=0 updates=2 overloads=0 blocks=967/1000
controls pots=293 787 470 838 cv1=1(raw 999) cv2=1(raw 999)
staging copies=78 failures=0 stack_free=16636 mdma_lists=107615 mdma_errors=0 mdma_status=0x0 mdma_maxpolls=2425 list=78/118 us timed=968 late=1 stale=0
load program=2 lines=8 mixed=0 avg=18.1% max=19.5% | input=0.6 predelay=0.7 taps=0.6 early=0.5 linemix=1.4 linedelay=3.5 linediff=1.3 linefilt=4.0 out=1.3 ctrl=0.1 param=0.0 clip=1.5 stage=1.7 wait=0.0 other=0.3 | mix=787 decay=508 tone=838 freeze=0 updates=33 overloads=0 blocks=1000/1000
controls pots=293 787 507 838 cv1=1(raw 999) cv2=1(raw 999)
staging copies=80 failures=0 stack_free=16636 mdma_lists=108615 mdma_errors=0 mdma_status=0x0 mdma_maxpolls=2425 list=64/64 us timed=1000 late=0 stale=0
load program=2 lines=8 mixed=0 avg=18.2% max=19.6% | input=0.6 predelay=0.7 taps=0.6 early=0.5 linemix=1.4 linedelay=3.5 linediff=1.3 linefilt=4.0 out=1.3 ctrl=0.1 param=0.1 clip=1.5 stage=1.7 wait=0.0 other=0.3 | mix=787 decay=603 tone=838 freeze=0 updates=88 overloads=0 blocks=1000/1000
controls pots=293 787 602 838 cv1=1(raw 999) cv2=1(raw 999)
staging copies=78 failures=0 stack_free=16636 mdma_lists=109615 mdma_errors=0 mdma_status=0x0 mdma_maxpolls=2425 list=63/64 us timed=1000 late=0 stale=0
load program=2 lines=8 mixed=0 avg=18.3% max=19.7% | input=0.6 predelay=0.7 taps=0.6 early=0.5 linemix=1.4 linedelay=3.5 linediff=1.3 linefilt=4.1 out=1.3 ctrl=0.1 param=0.1 clip=1.5 stage=1.7 wait=0.0 other=0.3 | mix=787 decay=775 tone=838 freeze=0 updates=141 overloads=0 blocks=1000/1000
controls pots=293 787 774 838 cv1=1(raw 999) cv2=1(raw 999)
staging copies=78 failures=0 stack_free=16636 mdma_lists=110615 mdma_errors=0 mdma_status=0x0 mdma_maxpolls=2425 list=64/64 us timed=1000 late=0 stale=0
load program=2 lines=8 mixed=0 avg=18.3% max=19.6% | input=0.6 predelay=0.7 taps=0.6 early=0.5 linemix=1.4 linedelay=3.5 linediff=1.3 linefilt=4.1 out=1.3 ctrl=0.1 param=0.1 clip=1.5 stage=1.7 wait=0.0 other=0.3 | mix=787 decay=947 tone=838 freeze=0 updates=157 overloads=0 blocks=1000/1000
controls pots=293 787 946 838 cv1=1(raw 999) cv2=1(raw 999)
staging copies=79 failures=0 stack_free=16636 mdma_lists=111615 mdma_errors=0 mdma_status=0x0 mdma_maxpolls=2425 list=64/64 us timed=1000 late=0 stale=0
load program=2 lines=8 mixed=0 avg=18.2% max=19.7% | input=0.6 predelay=0.7 taps=0.6 early=0.5 linemix=1.4 linedelay=3.5 linediff=1.3 linefilt=4.0 out=1.3 ctrl=0.1 param=0.0 clip=1.5 stage=1.7 wait=0.0 other=0.3 | mix=787 decay=1000 tone=838 freeze=0 updates=49 overloads=0 blocks=1000/1000
controls pots=293 787 1000 838 cv1=1(raw 999) cv2=1(raw 999)
staging copies=78 failures=0 stack_free=16636 mdma_lists=112615 mdma_errors=0 mdma_status=0x0 mdma_maxpolls=2425 list=64/65 us timed=1000 late=0 stale=0
load program=2 lines=8 mixed=0 avg=18.1% max=18.5% | input=0.6 predelay=0.7 taps=0.6 early=0.5 linemix=1.4 linedelay=3.5 linediff=1.3 linefilt=4.0 out=1.3 ctrl=0.1 param=0.0 clip=1.5 stage=1.7 wait=0.0 other=0.3 | mix=787 decay=1000 tone=923 freeze=0 updates=76 overloads=0 blocks=1000/1000
controls pots=293 787 1000 923 cv1=1(raw 999) cv2=1(raw 999)
staging copies=78 failures=0 stack_free=16636 mdma_lists=113615 mdma_errors=0 mdma_status=0x0 mdma_maxpolls=2425 list=64/65 us timed=1000 late=0 stale=0
load program=2 lines=8 mixed=0 avg=18.1% max=18.5% | input=0.6 predelay=0.7 taps=0.6 early=0.5 linemix=1.4 linedelay=3.5 linediff=1.3 linefilt=4.0 out=1.3 ctrl=0.1 param=0.0 clip=1.5 stage=1.7 wait=0.0 other=0.3 | mix=787 decay=1000 tone=1000 freeze=0 updates=71 overloads=0 blocks=1000/1000
controls pots=293 787 1000 1000 cv1=1(raw 999) cv2=1(raw 999)
staging copies=78 failures=0 stack_free=16636 mdma_lists=114615 mdma_errors=0 mdma_status=0x0 mdma_maxpolls=2425 list=64/64 us timed=1000 late=0 stale=0
load program=2 lines=8 mixed=0 avg=18.1% max=18.3% | input=0.6 predelay=0.7 taps=0.6 early=0.5 linemix=1.4 linedelay=3.5 linediff=1.3 linefilt=4.0 out=1.3 ctrl=0.1 param=0.0 clip=1.5 stage=1.7 wait=0.0 other=0.3 | mix=787 decay=1000 tone=1000 freeze=0 updates=0 overloads=0 blocks=1000/1000
controls pots=293 787 1000 1000 cv1=1(raw 999) cv2=1(raw 999)
staging copies=82 failures=0 stack_free=16636 mdma_lists=115615 mdma_errors=0 mdma_status=0x0 mdma_maxpolls=2425 list=64/65 us timed=1000 late=0 stale=0
load program=2 lines=8 mixed=0 avg=18.1% max=18.3% | input=0.6 predelay=0.7 taps=0.6 early=0.5 linemix=1.4 linedelay=3.5 linediff=1.3 linefilt=4.0 out=1.3 ctrl=0.1 param=0.0 clip=1.4 stage=1.7 wait=0.0 other=0.3 | mix=787 decay=1000 tone=1000 freeze=0 updates=0 overloads=0 blocks=1000/1000
controls pots=293 787 1000 1000 cv1=1(raw 999) cv2=1(raw 999)
staging copies=79 failures=0 stack_free=16636 mdma_lists=116615 mdma_errors=0 mdma_status=0x0 mdma_maxpolls=2425 list=64/64 us timed=1000 late=0 stale=0
load program=2 lines=8 mixed=0 avg=18.1% max=18.5% | input=0.6 predelay=0.7 taps=0.6 early=0.5 linemix=1.4 linedelay=3.5 linediff=1.3 linefilt=4.0 out=1.3 ctrl=0.1 param=0.0 clip=1.5 stage=1.7 wait=0.0 other=0.3 | mix=787 decay=1000 tone=935 freeze=0 updates=55 overloads=0 blocks=1000/1000
controls pots=293 787 1000 935 cv1=1(raw 999) cv2=1(raw 999)
staging copies=78 failures=0 stack_free=16636 mdma_lists=117615 mdma_errors=0 mdma_status=0x0 mdma_maxpolls=2425 list=64/64 us timed=1000 late=0 stale=0
load program=2 lines=8 mixed=0 avg=18.2% max=18.5% | input=0.6 predelay=0.7 taps=0.6 early=0.5 linemix=1.4 linedelay=3.5 linediff=1.3 linefilt=4.1 out=1.3 ctrl=0.1 param=0.0 clip=1.5 stage=1.7 wait=0.0 other=0.3 | mix=787 decay=1000 tone=682 freeze=0 updates=216 overloads=0 blocks=1000/1000
controls pots=293 787 1000 682 cv1=1(raw 999) cv2=1(raw 999)
staging copies=79 failures=0 stack_free=16636 mdma_lists=118615 mdma_errors=0 mdma_status=0x0 mdma_maxpolls=2425 list=64/64 us timed=1000 late=0 stale=0
load program=2 lines=8 mixed=0 avg=18.1% max=19.4% | input=0.6 predelay=0.7 taps=0.6 early=0.5 linemix=1.4 linedelay=3.5 linediff=1.3 linefilt=4.0 out=1.3 ctrl=0.1 param=0.0 clip=1.5 stage=1.7 wait=0.0 other=0.3 | mix=787 decay=997 tone=682 freeze=0 updates=2 overloads=0 blocks=1000/1000
controls pots=293 787 996 682 cv1=1(raw 999) cv2=1(raw 999)
staging copies=81 failures=0 stack_free=16636 mdma_lists=119615 mdma_errors=0 mdma_status=0x0 mdma_maxpolls=2425 list=64/64 us timed=1000 late=0 stale=0
load program=2 lines=8 mixed=0 avg=18.3% max=19.7% | input=0.6 predelay=0.7 taps=0.6 early=0.5 linemix=1.4 linedelay=3.5 linediff=1.3 linefilt=4.1 out=1.3 ctrl=0.1 param=0.2 clip=1.5 stage=1.7 wait=0.0 other=0.3 | mix=787 decay=799 tone=682 freeze=0 updates=167 overloads=0 blocks=1000/1000
controls pots=293 787 798 682 cv1=1(raw 999) cv2=1(raw 999)
staging copies=78 failures=0 stack_free=16636 mdma_lists=120615 mdma_errors=0 mdma_status=0x0 mdma_maxpolls=2425 list=64/64 us timed=1000 late=0 stale=0
load program=2 lines=8 mixed=0 avg=18.1% max=18.3% | input=0.6 predelay=0.7 taps=0.6 early=0.5 linemix=1.4 linedelay=3.5 linediff=1.3 linefilt=4.0 out=1.3 ctrl=0.1 param=0.0 clip=1.4 stage=1.7 wait=0.0 other=0.3 | mix=625 decay=799 tone=682 freeze=0 updates=0 overloads=0 blocks=1000/1000
controls pots=293 625 798 682 cv1=1(raw 999) cv2=1(raw 999)
staging copies=78 failures=0 stack_free=16636 mdma_lists=121615 mdma_errors=0 mdma_status=0x0 mdma_maxpolls=2425 list=64/64 us timed=1000 late=0 stale=0
load program=2 lines=8 mixed=0 avg=18.1% max=18.3% | input=0.6 predelay=0.7 taps=0.6 early=0.5 linemix=1.4 linedelay=3.5 linediff=1.3 linefilt=4.0 out=1.3 ctrl=0.1 param=0.0 clip=1.5 stage=1.7 wait=0.0 other=0.3 | mix=590 decay=799 tone=682 freeze=0 updates=0 overloads=0 blocks=1000/1000
controls pots=292 590 798 682 cv1=1(raw 999) cv2=1(raw 999)
staging copies=78 failures=0 stack_free=16636 mdma_lists=122615 mdma_errors=0 mdma_status=0x0 mdma_maxpolls=2425 list=64/65 us timed=1000 late=0 stale=0
load program=2 lines=8 mixed=0 avg=18.1% max=18.4% | input=0.6 predelay=0.7 taps=0.6 early=0.5 linemix=1.4 linedelay=3.5 linediff=1.3 linefilt=4.0 out=1.3 ctrl=0.1 param=0.0 clip=1.5 stage=1.7 wait=0.0 other=0.3 | mix=590 decay=799 tone=682 freeze=0 updates=0 overloads=0 blocks=1000/1000
controls pots=292 590 798 682 cv1=1(raw 999) cv2=1(raw 999)
staging copies=78 failures=0 stack_free=16636 mdma_lists=123615 mdma_errors=0 mdma_status=0x0 mdma_maxpolls=2425 list=64/65 us timed=1000 late=0 stale=0
program 3 "Hyperplane" lines=9 limit=9 early=4 late=8 taps=21 predelay=0
  mod=eld interp=0 filters=hlLHc latetap=1 streams=204 sdram=0 placed=445+117KB unplaced=0 clock=480MHz
  staging=mdma sets=1 staged=172 unstaged=2 taps=40 copies<=592 tcm=76/87KB itcm=ok
load program=2 lines=8 mixed=1 avg=46.3% max=62.6% | input=0.8 predelay=0.7 taps=1.4 early=1.6 linemix=1.5 linedelay=3.7 linediff=20.2 linefilt=5.9 out=1.4 ctrl=0.1 param=0.0 clip=1.4 stage=5.7 wait=0.0 other=0.3 | mix=590 decay=799 tone=682 freeze=0 updates=2 overloads=0 blocks=978/1000
controls pots=402 590 798 682 cv1=1(raw 999) cv2=1(raw 999)
staging copies=386 failures=0 stack_free=16636 mdma_lists=124594 mdma_errors=0 mdma_status=0x0 mdma_maxpolls=2425 list=231/314 us timed=979 late=1 stale=0
load program=3 lines=9 mixed=0 avg=59.9% max=61.7% | input=0.9 predelay=0.7 taps=1.8 early=2.1 linemix=1.6 linedelay=4.0 linediff=30.0 linefilt=6.9 out=1.4 ctrl=0.1 param=0.0 clip=1.5 stage=7.9 wait=0.0 other=0.3 | mix=590 decay=806 tone=682 freeze=0 updates=6 overloads=0 blocks=1000/1000
controls pots=402 590 806 682 cv1=1(raw 999) cv2=1(raw 999)
staging copies=397 failures=0 stack_free=16636 mdma_lists=125594 mdma_errors=0 mdma_status=0x0 mdma_maxpolls=2425 list=312/314 us timed=1000 late=0 stale=0
load program=3 lines=9 mixed=0 avg=60.0% max=62.0% | input=0.9 predelay=0.7 taps=1.8 early=2.1 linemix=1.6 linedelay=4.0 linediff=30.0 linefilt=6.9 out=1.4 ctrl=0.1 param=0.0 clip=1.5 stage=7.9 wait=0.0 other=0.3 | mix=590 decay=839 tone=717 freeze=0 updates=61 overloads=0 blocks=1000/1000
controls pots=402 590 838 717 cv1=1(raw 999) cv2=1(raw 999)
staging copies=388 failures=0 stack_free=16636 mdma_lists=126594 mdma_errors=0 mdma_status=0x0 mdma_maxpolls=2425 list=312/315 us timed=1000 late=0 stale=0
load program=3 lines=9 mixed=0 avg=60.0% max=61.0% | input=0.9 predelay=0.7 taps=1.8 early=2.1 linemix=1.6 linedelay=4.0 linediff=30.0 linefilt=6.9 out=1.4 ctrl=0.1 param=0.0 clip=1.5 stage=7.9 wait=0.0 other=0.3 | mix=590 decay=839 tone=905 freeze=0 updates=166 overloads=0 blocks=1000/1000
controls pots=402 590 838 905 cv1=1(raw 999) cv2=1(raw 999)
staging copies=386 failures=0 stack_free=16636 mdma_lists=127594 mdma_errors=0 mdma_status=0x0 mdma_maxpolls=2425 list=312/315 us timed=1000 late=0 stale=0
load program=3 lines=9 mixed=0 avg=60.0% max=60.9% | input=0.9 predelay=0.7 taps=1.8 early=2.1 linemix=1.6 linedelay=4.0 linediff=30.0 linefilt=6.9 out=1.4 ctrl=0.1 param=0.0 clip=1.5 stage=7.9 wait=0.0 other=0.3 | mix=590 decay=839 tone=1000 freeze=0 updates=85 overloads=0 blocks=1000/1000
controls pots=402 590 838 1000 cv1=1(raw 999) cv2=1(raw 999)
staging copies=409 failures=0 stack_free=16636 mdma_lists=128594 mdma_errors=0 mdma_status=0x0 mdma_maxpolls=2425 list=312/314 us timed=1000 late=0 stale=0
load program=3 lines=9 mixed=0 avg=60.1% max=62.1% | input=0.9 predelay=0.7 taps=1.8 early=2.1 linemix=1.6 linedelay=4.0 linediff=30.0 linefilt=6.9 out=1.4 ctrl=0.1 param=0.1 clip=1.5 stage=7.9 wait=0.0 other=0.3 | mix=590 decay=925 tone=1000 freeze=0 updates=77 overloads=0 blocks=1000/1000
controls pots=402 590 924 1000 cv1=1(raw 999) cv2=1(raw 999)
staging copies=390 failures=0 stack_free=16636 mdma_lists=129594 mdma_errors=0 mdma_status=0x0 mdma_maxpolls=2425 list=312/314 us timed=1000 late=0 stale=0
load program=3 lines=9 mixed=0 avg=60.0% max=62.0% | input=0.9 predelay=0.7 taps=1.8 early=2.1 linemix=1.6 linedelay=4.0 linediff=30.0 linefilt=6.9 out=1.4 ctrl=0.1 param=0.0 clip=1.5 stage=7.9 wait=0.0 other=0.3 | mix=590 decay=1000 tone=1000 freeze=0 updates=67 overloads=0 blocks=1000/1000
controls pots=402 590 1000 1000 cv1=1(raw 999) cv2=1(raw 999)
staging copies=383 failures=0 stack_free=16636 mdma_lists=130594 mdma_errors=0 mdma_status=0x0 mdma_maxpolls=2425 list=312/315 us timed=1000 late=0 stale=0
load program=3 lines=9 mixed=0 avg=59.9% max=60.7% | input=0.9 predelay=0.7 taps=1.8 early=2.1 linemix=1.6 linedelay=4.0 linediff=30.0 linefilt=6.9 out=1.5 ctrl=0.1 param=0.0 clip=1.5 stage=7.9 wait=0.0 other=0.3 | mix=590 decay=1000 tone=1000 freeze=0 updates=0 overloads=0 blocks=1000/1000
controls pots=402 590 1000 1000 cv1=1(raw 999) cv2=1(raw 999)
staging copies=392 failures=0 stack_free=16636 mdma_lists=131594 mdma_errors=0 mdma_status=0x0 mdma_maxpolls=2425 list=312/314 us timed=1000 late=0 stale=0
load program=3 lines=9 mixed=0 avg=59.9% max=60.8% | input=0.9 predelay=0.7 taps=1.8 early=2.1 linemix=1.6 linedelay=4.0 linediff=30.0 linefilt=6.9 out=1.4 ctrl=0.1 param=0.0 clip=1.5 stage=7.9 wait=0.0 other=0.3 | mix=590 decay=1000 tone=1000 freeze=0 updates=0 overloads=0 blocks=1000/1000
controls pots=402 590 1000 1000 cv1=1(raw 999) cv2=1(raw 999)
staging copies=382 failures=0 stack_free=16636 mdma_lists=132594 mdma_errors=0 mdma_status=0x0 mdma_maxpolls=2425 list=312/315 us timed=1000 late=0 stale=0
load program=3 lines=9 mixed=0 avg=60.1% max=62.2% | input=0.9 predelay=0.7 taps=1.8 early=2.1 linemix=1.6 linedelay=4.0 linediff=30.0 linefilt=6.9 out=1.4 ctrl=0.1 param=0.1 clip=1.5 stage=7.9 wait=0.0 other=0.3 | mix=590 decay=897 tone=1000 freeze=0 updates=88 overloads=0 blocks=1000/1000
controls pots=402 590 896 1000 cv1=1(raw 999) cv2=1(raw 999)
staging copies=382 failures=0 stack_free=16636 mdma_lists=133594 mdma_errors=0 mdma_status=0x0 mdma_maxpolls=2425 list=312/314 us timed=1000 late=0 stale=0
load program=3 lines=9 mixed=0 avg=60.0% max=62.0% | input=0.9 predelay=0.7 taps=1.8 early=2.1 linemix=1.6 linedelay=4.0 linediff=30.0 linefilt=6.9 out=1.4 ctrl=0.1 param=0.0 clip=1.5 stage=7.9 wait=0.0 other=0.3 | mix=590 decay=860 tone=1000 freeze=0 updates=34 overloads=0 blocks=1000/1000
controls pots=402 590 859 1000 cv1=1(raw 999) cv2=1(raw 999)
staging copies=397 failures=0 stack_free=16636 mdma_lists=134594 mdma_errors=0 mdma_status=0x0 mdma_maxpolls=2425 list=312/314 us timed=1000 late=0 stale=0
load program=3 lines=9 mixed=0 avg=60.0% max=60.9% | input=0.9 predelay=0.7 taps=1.8 early=2.1 linemix=1.6 linedelay=4.0 linediff=30.0 linefilt=6.9 out=1.4 ctrl=0.1 param=0.0 clip=1.5 stage=7.9 wait=0.0 other=0.3 | mix=590 decay=860 tone=959 freeze=0 updates=38 overloads=0 blocks=1000/1000
controls pots=402 590 859 959 cv1=1(raw 999) cv2=1(raw 999)
staging copies=392 failures=0 stack_free=16636 mdma_lists=135594 mdma_errors=0 mdma_status=0x0 mdma_maxpolls=2425 list=312/315 us timed=1000 late=0 stale=0
load program=3 lines=9 mixed=0 avg=60.0% max=60.6% | input=0.9 predelay=0.7 taps=1.8 early=2.1 linemix=1.6 linedelay=4.0 linediff=30.0 linefilt=6.9 out=1.4 ctrl=0.1 param=0.0 clip=1.5 stage=7.9 wait=0.0 other=0.3 | mix=590 decay=860 tone=932 freeze=0 updates=26 overloads=0 blocks=1000/1000
controls pots=402 590 859 932 cv1=1(raw 999) cv2=1(raw 999)
staging copies=402 failures=0 stack_free=16636 mdma_lists=136594 mdma_errors=0 mdma_status=0x0 mdma_maxpolls=2425 list=312/314 us timed=1000 late=0 stale=0
load program=3 lines=9 mixed=0 avg=59.9% max=60.7% | input=0.9 predelay=0.7 taps=1.8 early=2.1 linemix=1.6 linedelay=4.0 linediff=30.0 linefilt=6.9 out=1.4 ctrl=0.1 param=0.0 clip=1.5 stage=7.9 wait=0.0 other=0.3 | mix=590 decay=860 tone=932 freeze=0 updates=0 overloads=0 blocks=1000/1000
controls pots=402 590 859 932 cv1=1(raw 999) cv2=1(raw 999)
staging copies=410 failures=0 stack_free=16636 mdma_lists=137594 mdma_errors=0 mdma_status=0x0 mdma_maxpolls=2425 list=312/314 us timed=1000 late=0 stale=0
load program=3 lines=9 mixed=0 avg=60.0% max=61.0% | input=0.9 predelay=0.7 taps=1.8 early=2.1 linemix=1.6 linedelay=4.0 linediff=30.0 linefilt=6.9 out=1.4 ctrl=0.1 param=0.0 clip=1.5 stage=7.9 wait=0.0 other=0.3 | mix=590 decay=860 tone=882 freeze=0 updates=46 overloads=0 blocks=1000/1000
controls pots=402 590 859 882 cv1=1(raw 999) cv2=1(raw 999)
staging copies=384 failures=0 stack_free=16636 mdma_lists=138594 mdma_errors=0 mdma_status=0x0 mdma_maxpolls=2425 list=312/315 us timed=1000 late=0 stale=0
load program=3 lines=9 mixed=0 avg=59.9% max=60.7% | input=0.9 predelay=0.7 taps=1.8 early=2.1 linemix=1.6 linedelay=4.0 linediff=30.0 linefilt=6.9 out=1.5 ctrl=0.1 param=0.0 clip=1.5 stage=7.9 wait=0.0 other=0.3 | mix=432 decay=860 tone=882 freeze=0 updates=1 overloads=0 blocks=1000/1000
controls pots=402 432 859 882 cv1=1(raw 999) cv2=1(raw 999)
staging copies=385 failures=0 stack_free=16636 mdma_lists=139594 mdma_errors=0 mdma_status=0x0 mdma_maxpolls=2425 list=312/314 us timed=1000 late=0 stale=0
load program=3 lines=9 mixed=0 avg=59.9% max=60.6% | input=0.9 predelay=0.7 taps=1.8 early=2.1 linemix=1.6 linedelay=4.0 linediff=30.0 linefilt=6.9 out=1.5 ctrl=0.1 param=0.0 clip=1.5 stage=7.9 wait=0.0 other=0.3 | mix=356 decay=860 tone=882 freeze=0 updates=0 overloads=0 blocks=1000/1000
controls pots=402 356 859 882 cv1=1(raw 999) cv2=1(raw 999)
staging copies=400 failures=0 stack_free=16636 mdma_lists=140594 mdma_errors=0 mdma_status=0x0 mdma_maxpolls=2425 list=312/314 us timed=1000 late=0 stale=0
load program=3 lines=9 mixed=0 avg=59.9% max=60.7% | input=0.9 predelay=0.7 taps=1.8 early=2.1 linemix=1.6 linedelay=4.0 linediff=30.0 linefilt=6.9 out=1.5 ctrl=0.1 param=0.0 clip=1.5 stage=7.9 wait=0.0 other=0.3 | mix=356 decay=860 tone=882 freeze=0 updates=0 overloads=0 blocks=1000/1000
controls pots=401 356 859 882 cv1=1(raw 999) cv2=1(raw 999)
staging copies=385 failures=0 stack_free=16636 mdma_lists=141594 mdma_errors=0 mdma_status=0x0 mdma_maxpolls=2425 list=312/314 us timed=1000 late=0 stale=0
load program=3 lines=9 mixed=0 avg=59.9% max=60.6% | input=0.9 predelay=0.7 taps=1.8 early=2.1 linemix=1.6 linedelay=4.0 linediff=30.0 linefilt=6.9 out=1.5 ctrl=0.1 param=0.0 clip=1.5 stage=7.9 wait=0.0 other=0.3 | mix=356 decay=860 tone=882 freeze=0 updates=0 overloads=0 blocks=1000/1000
controls pots=443 356 859 882 cv1=1(raw 999) cv2=1(raw 999)
staging copies=394 failures=0 stack_free=16636 mdma_lists=142594 mdma_errors=0 mdma_status=0x0 mdma_maxpolls=2425 list=312/314 us timed=1000 late=0 stale=0
program 4 "Rubi-Ka Fields" lines=4 limit=4 early=7 late=6 taps=26 predelay=0
  mod=eld interp=0 filters=----c latetap=1 streams=104 sdram=9 placed=445+207KB unplaced=4 clock=480MHz
  staging=mdma sets=1 staged=72 unstaged=2 taps=50 copies<=312 tcm=38/87KB itcm=ok
load program=3 lines=9 mixed=1 avg=40.5% max=60.6% | input=0.5 predelay=0.7 taps=2.0 early=2.9 linemix=1.0 linedelay=2.5 linediff=17.2 linefilt=3.3 out=1.1 ctrl=0.1 param=0.0 clip=1.4 stage=5.2 wait=0.0 other=0.2 | mix=356 decay=860 tone=882 freeze=0 updates=2 overloads=0 blocks=958/1000
controls pots=508 356 859 882 cv1=1(raw 999) cv2=1(raw 999)
staging copies=193 failures=0 stack_free=16636 mdma_lists=143553 mdma_errors=0 mdma_status=0x0 mdma_maxpolls=3083 list=218/314 us timed=959 late=2 stale=0
load program=4 lines=4 mixed=0 avg=27.7% max=28.1% | input=0.3 predelay=0.7 taps=2.2 early=3.7 linemix=0.7 linedelay=1.8 linediff=10.0 linefilt=1.2 out=0.9 ctrl=0.1 param=0.0 clip=1.4 stage=3.9 wait=0.0 other=0.2 | mix=356 decay=860 tone=882 freeze=0 updates=0 overloads=0 blocks=1000/1000
controls pots=508 356 859 882 cv1=1(raw 999) cv2=1(raw 999)
staging copies=195 failures=0 stack_free=16636 mdma_lists=144553 mdma_errors=0 mdma_status=0x0 mdma_maxpolls=3083 list=156/158 us timed=1000 late=0 stale=0
load program=4 lines=4 mixed=0 avg=27.8% max=29.1% | input=0.3 predelay=0.7 taps=2.2 early=3.7 linemix=0.7 linedelay=1.8 linediff=10.0 linefilt=1.2 out=0.9 ctrl=0.1 param=0.0 clip=1.5 stage=3.9 wait=0.0 other=0.2 | mix=356 decay=908 tone=882 freeze=0 updates=45 overloads=0 blocks=1000/1000
controls pots=508 356 907 882 cv1=1(raw 999) cv2=1(raw 999)
staging copies=200 failures=0 stack_free=16636 mdma_lists=145553 mdma_errors=0 mdma_status=0x0 mdma_maxpolls=3083 list=156/158 us timed=1000 late=0 stale=0
load program=4 lines=4 mixed=0 avg=27.8% max=29.2% | input=0.3 predelay=0.7 taps=2.2 early=3.7 linemix=0.7 linedelay=1.8 linediff=10.0 linefilt=1.2 out=0.9 ctrl=0.1 param=0.1 clip=1.5 stage=3.9 wait=0.0 other=0.2 | mix=356 decay=1000 tone=882 freeze=0 updates=86 overloads=0 blocks=1000/1000
controls pots=508 356 1000 882 cv1=1(raw 999) cv2=1(raw 999)
staging copies=196 failures=0 stack_free=16636 mdma_lists=146553 mdma_errors=0 mdma_status=0x0 mdma_maxpolls=3083 list=156/157 us timed=1000 late=0 stale=0
load program=4 lines=4 mixed=0 avg=27.7% max=28.1% | input=0.3 predelay=0.7 taps=2.2 early=3.7 linemix=0.7 linedelay=1.8 linediff=10.0 linefilt=1.2 out=0.9 ctrl=0.1 param=0.0 clip=1.4 stage=3.9 wait=0.0 other=0.2 | mix=356 decay=1000 tone=882 freeze=0 updates=0 overloads=0 blocks=1000/1000
controls pots=508 356 1000 882 cv1=1(raw 999) cv2=1(raw 999)
staging copies=198 failures=0 stack_free=16636 mdma_lists=147553 mdma_errors=0 mdma_status=0x0 mdma_maxpolls=3083 list=156/158 us timed=1000 late=0 stale=0
load program=4 lines=4 mixed=0 avg=27.8% max=28.3% | input=0.3 predelay=0.7 taps=2.2 early=3.7 linemix=0.7 linedelay=1.8 linediff=10.0 linefilt=1.2 out=0.9 ctrl=0.1 param=0.0 clip=1.5 stage=3.9 wait=0.0 other=0.2 | mix=356 decay=1000 tone=1000 freeze=0 updates=103 overloads=0 blocks=1000/1000
controls pots=508 356 1000 1000 cv1=1(raw 999) cv2=1(raw 999)
staging copies=200 failures=0 stack_free=16636 mdma_lists=148553 mdma_errors=0 mdma_status=0x0 mdma_maxpolls=3083 list=156/157 us timed=1000 late=0 stale=0
load program=4 lines=4 mixed=0 avg=27.7% max=28.1% | input=0.3 predelay=0.7 taps=2.2 early=3.7 linemix=0.7 linedelay=1.8 linediff=10.0 linefilt=1.2 out=0.9 ctrl=0.1 param=0.0 clip=1.5 stage=3.9 wait=0.0 other=0.2 | mix=356 decay=1000 tone=1000 freeze=0 updates=0 overloads=0 blocks=1000/1000
controls pots=508 356 1000 1000 cv1=1(raw 999) cv2=1(raw 999)
staging copies=200 failures=0 stack_free=16636 mdma_lists=149553 mdma_errors=0 mdma_status=0x0 mdma_maxpolls=3083 list=156/158 us timed=1000 late=0 stale=0
load program=4 lines=4 mixed=0 avg=27.7% max=28.1% | input=0.3 predelay=0.7 taps=2.2 early=3.7 linemix=0.7 linedelay=1.8 linediff=10.0 linefilt=1.2 out=0.9 ctrl=0.1 param=0.0 clip=1.4 stage=3.9 wait=0.0 other=0.2 | mix=498 decay=1000 tone=1000 freeze=0 updates=0 overloads=0 blocks=1000/1000
controls pots=508 498 1000 1000 cv1=1(raw 999) cv2=1(raw 999)
staging copies=198 failures=0 stack_free=16636 mdma_lists=150553 mdma_errors=0 mdma_status=0x0 mdma_maxpolls=3083 list=156/157 us timed=1000 late=0 stale=0
load program=4 lines=4 mixed=0 avg=27.8% max=28.1% | input=0.3 predelay=0.7 taps=2.2 early=3.7 linemix=0.7 linedelay=1.8 linediff=10.0 linefilt=1.2 out=0.9 ctrl=0.1 param=0.0 clip=1.5 stage=3.9 wait=0.0 other=0.3 | mix=671 decay=1000 tone=1000 freeze=0 updates=0 overloads=0 blocks=1000/1000
controls pots=508 671 1000 1000 cv1=1(raw 999) cv2=1(raw 999)
staging copies=200 failures=0 stack_free=16636 mdma_lists=151553 mdma_errors=0 mdma_status=0x0 mdma_maxpolls=3083 list=156/158 us timed=1000 late=0 stale=0
load program=4 lines=4 mixed=0 avg=27.8% max=28.1% | input=0.3 predelay=0.7 taps=2.2 early=3.7 linemix=0.7 linedelay=1.8 linediff=10.0 linefilt=1.2 out=0.9 ctrl=0.1 param=0.0 clip=1.5 stage=3.9 wait=0.0 other=0.3 | mix=952 decay=1000 tone=1000 freeze=0 updates=0 overloads=0 blocks=1000/1000
controls pots=508 952 1000 1000 cv1=1(raw 999) cv2=1(raw 999)
staging copies=197 failures=0 stack_free=16636 mdma_lists=152553 mdma_errors=0 mdma_status=0x0 mdma_maxpolls=3083 list=156/157 us timed=1000 late=0 stale=0
load program=4 lines=4 mixed=0 avg=27.8% max=28.1% | input=0.3 predelay=0.7 taps=2.2 early=3.7 linemix=0.7 linedelay=1.8 linediff=10.0 linefilt=1.2 out=0.9 ctrl=0.1 param=0.0 clip=1.5 stage=3.9 wait=0.0 other=0.3 | mix=1000 decay=1000 tone=1000 freeze=0 updates=0 overloads=0 blocks=1000/1000
controls pots=508 1000 1000 1000 cv1=1(raw 999) cv2=1(raw 999)
staging copies=196 failures=0 stack_free=16636 mdma_lists=153553 mdma_errors=0 mdma_status=0x0 mdma_maxpolls=3083 list=156/157 us timed=1000 late=0 stale=0
load program=4 lines=4 mixed=0 avg=27.8% max=28.3% | input=0.3 predelay=0.7 taps=2.2 early=3.7 linemix=0.7 linedelay=1.8 linediff=10.0 linefilt=1.2 out=0.9 ctrl=0.1 param=0.0 clip=1.5 stage=3.9 wait=0.0 other=0.3 | mix=1000 decay=1000 tone=1000 freeze=0 updates=0 overloads=0 blocks=1000/1000
controls pots=508 1000 1000 1000 cv1=1(raw 999) cv2=1(raw 999)
staging copies=200 failures=0 stack_free=16636 mdma_lists=154553 mdma_errors=0 mdma_status=0x0 mdma_maxpolls=3083 list=156/158 us timed=1000 late=0 stale=0
load program=4 lines=4 mixed=0 avg=27.8% max=28.1% | input=0.3 predelay=0.7 taps=2.2 early=3.7 linemix=0.7 linedelay=1.8 linediff=10.0 linefilt=1.2 out=0.9 ctrl=0.1 param=0.0 clip=1.5 stage=3.9 wait=0.0 other=0.3 | mix=1000 decay=1000 tone=1000 freeze=0 updates=0 overloads=0 blocks=1000/1000
controls pots=508 1000 1000 1000 cv1=1(raw 999) cv2=1(raw 999)
staging copies=200 failures=0 stack_free=16636 mdma_lists=155553 mdma_errors=0 mdma_status=0x0 mdma_maxpolls=3083 list=156/158 us timed=1000 late=0 stale=0
load program=4 lines=4 mixed=0 avg=27.8% max=28.1% | input=0.3 predelay=0.7 taps=2.2 early=3.7 linemix=0.7 linedelay=1.8 linediff=10.0 linefilt=1.2 out=0.9 ctrl=0.1 param=0.0 clip=1.5 stage=3.9 wait=0.0 other=0.3 | mix=942 decay=1000 tone=1000 freeze=0 updates=0 overloads=0 blocks=1000/1000
controls pots=508 942 1000 1000 cv1=1(raw 999) cv2=1(raw 999)
staging copies=201 failures=0 stack_free=16636 mdma_lists=156553 mdma_errors=0 mdma_status=0x0 mdma_maxpolls=3083 list=156/158 us timed=1000 late=0 stale=0
load program=4 lines=4 mixed=0 avg=27.8% max=28.1% | input=0.3 predelay=0.7 taps=2.2 early=3.7 linemix=0.7 linedelay=1.8 linediff=10.0 linefilt=1.2 out=0.9 ctrl=0.1 param=0.0 clip=1.5 stage=3.9 wait=0.0 other=0.3 | mix=822 decay=1000 tone=1000 freeze=0 updates=0 overloads=0 blocks=1000/1000
controls pots=508 822 1000 1000 cv1=1(raw 999) cv2=1(raw 999)
staging copies=205 failures=0 stack_free=16636 mdma_lists=157553 mdma_errors=0 mdma_status=0x0 mdma_maxpolls=3083 list=156/158 us timed=1000 late=0 stale=0
load program=4 lines=4 mixed=0 avg=27.8% max=28.1% | input=0.3 predelay=0.7 taps=2.2 early=3.7 linemix=0.7 linedelay=1.8 linediff=10.0 linefilt=1.2 out=0.9 ctrl=0.1 param=0.0 clip=1.5 stage=3.9 wait=0.0 other=0.3 | mix=655 decay=1000 tone=1000 freeze=0 updates=0 overloads=0 blocks=1000/1000
controls pots=508 655 1000 1000 cv1=1(raw 999) cv2=1(raw 999)
staging copies=198 failures=0 stack_free=16636 mdma_lists=158553 mdma_errors=0 mdma_status=0x0 mdma_maxpolls=3083 list=156/157 us timed=1000 late=0 stale=0
load program=4 lines=4 mixed=0 avg=27.8% max=28.1% | input=0.3 predelay=0.7 taps=2.2 early=3.7 linemix=0.7 linedelay=1.8 linediff=10.0 linefilt=1.2 out=0.9 ctrl=0.1 param=0.0 clip=1.5 stage=3.9 wait=0.0 other=0.3 | mix=554 decay=1000 tone=1000 freeze=0 updates=0 overloads=0 blocks=1000/1000
controls pots=508 554 1000 1000 cv1=1(raw 999) cv2=1(raw 999)
staging copies=197 failures=0 stack_free=16636 mdma_lists=159553 mdma_errors=0 mdma_status=0x0 mdma_maxpolls=3083 list=156/157 us timed=1000 late=0 stale=0
program 3 "Hyperplane" lines=9 limit=9 early=4 late=8 taps=21 predelay=0
  mod=eld interp=0 filters=hlLHc latetap=1 streams=204 sdram=0 placed=445+117KB unplaced=0 clock=480MHz
  staging=mdma sets=1 staged=172 unstaged=2 taps=40 copies<=592 tcm=76/87KB itcm=ok
load program=4 lines=4 mixed=1 avg=43.4% max=62.7% | input=0.6 predelay=0.7 taps=2.0 early=2.9 linemix=1.1 linedelay=2.8 linediff=19.3 linefilt=3.9 out=1.1 ctrl=0.1 param=0.0 clip=1.4 stage=5.7 wait=0.0 other=0.3 | mix=554 decay=1000 tone=1000 freeze=0 updates=2 overloads=0 blocks=980/1000
controls pots=405 554 1000 1000 cv1=1(raw 999) cv2=1(raw 999)
staging copies=405 failures=0 stack_free=16580 mdma_lists=160534 mdma_errors=0 mdma_status=0x0 mdma_maxpolls=3083 list=232/314 us timed=981 late=2 stale=0
load program=3 lines=9 mixed=0 avg=59.9% max=60.8% | input=0.9 predelay=0.7 taps=1.8 early=2.1 linemix=1.6 linedelay=4.0 linediff=30.0 linefilt=6.9 out=1.4 ctrl=0.1 param=0.0 clip=1.5 stage=7.9 wait=0.0 other=0.3 | mix=554 decay=1000 tone=1000 freeze=0 updates=0 overloads=0 blocks=1000/1000
controls pots=405 554 1000 1000 cv1=1(raw 999) cv2=1(raw 999)
staging copies=416 failures=0 stack_free=16580 mdma_lists=161534 mdma_errors=0 mdma_status=0x0 mdma_maxpolls=3083 list=312/314 us timed=1000 late=0 stale=0
load program=3 lines=9 mixed=0 avg=59.9% max=60.7% | input=0.9 predelay=0.7 taps=1.8 early=2.1 linemix=1.6 linedelay=4.0 linediff=30.0 linefilt=6.9 out=1.4 ctrl=0.1 param=0.0 clip=1.5 stage=7.9 wait=0.0 other=0.3 | mix=554 decay=1000 tone=1000 freeze=0 updates=0 overloads=0 blocks=1000/1000
controls pots=460 554 1000 1000 cv1=1(raw 999) cv2=1(raw 999)
staging copies=390 failures=0 stack_free=16580 mdma_lists=162534 mdma_errors=0 mdma_status=0x0 mdma_maxpolls=3083 list=312/314 us timed=1000 late=0 stale=0
program 4 "Rubi-Ka Fields" lines=4 limit=4 early=7 late=6 taps=26 predelay=0
  mod=eld interp=0 filters=----c latetap=1 streams=104 sdram=9 placed=445+207KB unplaced=4 clock=480MHz
  staging=mdma sets=1 staged=72 unstaged=2 taps=50 copies<=312 tcm=38/87KB itcm=ok
load program=3 lines=9 mixed=1 avg=30.6% max=60.7% | input=0.3 predelay=0.7 taps=2.1 early=3.4 linemix=0.7 linedelay=1.9 linediff=11.2 linefilt=1.7 out=0.9 ctrl=0.1 param=0.0 clip=1.4 stage=4.0 wait=0.0 other=0.3 | mix=554 decay=1000 tone=1000 freeze=0 updates=2 overloads=0 blocks=958/1000
controls pots=491 554 1000 1000 cv1=1(raw 999) cv2=1(raw 999)
staging copies=192 failures=0 stack_free=16580 mdma_lists=163493 mdma_errors=0 mdma_status=0x0 mdma_maxpolls=3084 list=169/314 us timed=959 late=2 stale=0
load program=4 lines=4 mixed=0 avg=27.8% max=28.1% | input=0.3 predelay=0.7 taps=2.2 early=3.7 linemix=0.7 linedelay=1.8 linediff=10.0 linefilt=1.2 out=0.9 ctrl=0.1 param=0.0 clip=1.5 stage=3.9 wait=0.0 other=0.3 | mix=554 decay=1000 tone=1000 freeze=0 updates=0 overloads=0 blocks=1000/1000
controls pots=568 554 1000 1000 cv1=1(raw 999) cv2=1(raw 999)
staging copies=192 failures=0 stack_free=16580 mdma_lists=164493 mdma_errors=0 mdma_status=0x0 mdma_maxpolls=3084 list=156/157 us timed=1000 late=0 stale=0
program 5 "Through the Looking Glass" lines=8 limit=8 early=8 late=8 taps=50 predelay=0
  mod=eld interp=1 filters=-l--c latetap=1 streams=222 sdram=52 placed=444+226KB unplaced=42 clock=480MHz
  staging=mdma sets=1 staged=162 unstaged=2 taps=98 copies<=678 tcm=83/87KB itcm=ok
load program=4 lines=4 mixed=1 avg=36.6% max=64.2% | input=0.4 predelay=0.7 taps=2.4 early=3.6 linemix=0.8 linedelay=2.1 linediff=15.2 linefilt=1.5 out=1.0 ctrl=0.1 param=0.0 clip=1.4 stage=4.8 wait=0.0 other=0.3 | mix=555 decay=1000 tone=1000 freeze=0 updates=2 overloads=0 blocks=956/1000
controls pots=624 555 1000 1000 cv1=1(raw 999) cv2=1(raw 999)
staging copies=425 failures=0 stack_free=16580 mdma_lists=165450 mdma_errors=0 mdma_status=0x0 mdma_maxpolls=3084 list=215/397 us timed=957 late=2 stale=3
load program=5 lines=8 mixed=0 avg=61.5% max=62.3% | input=0.6 predelay=0.7 taps=3.5 early=4.2 linemix=1.4 linedelay=3.6 linediff=32.7 linefilt=2.6 out=1.3 ctrl=0.1 param=0.0 clip=1.5 stage=8.3 wait=0.0 other=0.3 | mix=554 decay=1000 tone=1000 freeze=0 updates=0 overloads=0 blocks=1000/1000
controls pots=624 554 1000 1000 cv1=1(raw 999) cv2=1(raw 999)
staging copies=434 failures=0 stack_free=16580 mdma_lists=166450 mdma_errors=0 mdma_status=0x0 mdma_maxpolls=3084 list=385/398 us timed=1000 late=0 stale=1
load program=5 lines=8 mixed=0 avg=61.3% max=61.8% | input=0.6 predelay=0.7 taps=3.5 early=4.2 linemix=1.4 linedelay=3.6 linediff=32.7 linefilt=2.4 out=1.3 ctrl=0.1 param=0.0 clip=1.5 stage=8.4 wait=0.0 other=0.3 | mix=555 decay=1000 tone=1000 freeze=0 updates=0 overloads=0 blocks=1000/1000
controls pots=624 555 1000 1000 cv1=1(raw 999) cv2=1(raw 999)
staging copies=436 failures=0 stack_free=16580 mdma_lists=167450 mdma_errors=0 mdma_status=0x0 mdma_maxpolls=3084 list=385/391 us timed=1000 late=0 stale=0
load program=5 lines=8 mixed=0 avg=61.4% max=61.8% | input=0.6 predelay=0.7 taps=3.5 early=4.2 linemix=1.4 linedelay=3.6 linediff=32.7 linefilt=2.4 out=1.3 ctrl=0.1 param=0.0 clip=1.5 stage=8.4 wait=0.0 other=0.3 | mix=555 decay=1000 tone=1000 freeze=0 updates=0 overloads=0 blocks=1000/1000
controls pots=624 555 1000 1000 cv1=1(raw 999) cv2=1(raw 999)
staging copies=437 failures=0 stack_free=16580 mdma_lists=168450 mdma_errors=0 mdma_status=0x0 mdma_maxpolls=3084 list=385/391 us timed=1000 late=0 stale=0
load program=5 lines=8 mixed=0 avg=61.3% max=61.8% | input=0.6 predelay=0.7 taps=3.5 early=4.2 linemix=1.4 linedelay=3.6 linediff=32.7 linefilt=2.4 out=1.3 ctrl=0.1 param=0.0 clip=1.5 stage=8.4 wait=0.0 other=0.3 | mix=555 decay=1000 tone=1000 freeze=0 updates=0 overloads=0 blocks=1000/1000
controls pots=624 555 1000 1000 cv1=1(raw 999) cv2=1(raw 999)
staging copies=432 failures=0 stack_free=16580 mdma_lists=169450 mdma_errors=0 mdma_status=0x0 mdma_maxpolls=3084 list=385/391 us timed=1000 late=0 stale=0
load program=5 lines=8 mixed=0 avg=61.3% max=61.7% | input=0.6 predelay=0.7 taps=3.5 early=4.2 linemix=1.4 linedelay=3.6 linediff=32.7 linefilt=2.4 out=1.3 ctrl=0.1 param=0.0 clip=1.5 stage=8.4 wait=0.0 other=0.3 | mix=555 decay=1000 tone=1000 freeze=0 updates=0 overloads=0 blocks=1000/1000
controls pots=624 555 1000 1000 cv1=1(raw 999) cv2=1(raw 999)
staging copies=436 failures=0 stack_free=16580 mdma_lists=170450 mdma_errors=0 mdma_status=0x0 mdma_maxpolls=3084 list=385/391 us timed=1000 late=0 stale=0
load program=5 lines=8 mixed=0 avg=61.3% max=61.8% | input=0.6 predelay=0.7 taps=3.5 early=4.2 linemix=1.4 linedelay=3.6 linediff=32.7 linefilt=2.4 out=1.3 ctrl=0.1 param=0.0 clip=1.5 stage=8.4 wait=0.0 other=0.3 | mix=678 decay=1000 tone=1000 freeze=0 updates=0 overloads=0 blocks=1000/1000
controls pots=624 678 1000 1000 cv1=1(raw 999) cv2=1(raw 999)
staging copies=428 failures=0 stack_free=16580 mdma_lists=171450 mdma_errors=0 mdma_status=0x0 mdma_maxpolls=3084 list=385/391 us timed=1000 late=0 stale=0
load program=5 lines=8 mixed=0 avg=61.4% max=61.7% | input=0.6 predelay=0.7 taps=3.5 early=4.2 linemix=1.4 linedelay=3.6 linediff=32.7 linefilt=2.4 out=1.3 ctrl=0.1 param=0.0 clip=1.5 stage=8.4 wait=0.0 other=0.3 | mix=805 decay=1000 tone=1000 freeze=0 updates=0 overloads=0 blocks=1000/1000
controls pots=624 805 1000 1000 cv1=1(raw 999) cv2=1(raw 999)
staging copies=432 failures=0 stack_free=16580 mdma_lists=172450 mdma_errors=0 mdma_status=0x0 mdma_maxpolls=3084 list=385/392 us timed=1000 late=0 stale=0
load program=5 lines=8 mixed=0 avg=61.3% max=61.8% | input=0.6 predelay=0.7 taps=3.5 early=4.2 linemix=1.4 linedelay=3.6 linediff=32.7 linefilt=2.4 out=1.3 ctrl=0.1 param=0.0 clip=1.5 stage=8.4 wait=0.0 other=0.3 | mix=894 decay=1000 tone=1000 freeze=0 updates=0 overloads=0 blocks=1000/1000
controls pots=624 894 1000 1000 cv1=1(raw 999) cv2=1(raw 999)
staging copies=432 failures=0 stack_free=16580 mdma_lists=173450 mdma_errors=0 mdma_status=0x0 mdma_maxpolls=3084 list=385/391 us timed=1000 late=0 stale=0
load program=5 lines=8 mixed=0 avg=61.4% max=61.8% | input=0.6 predelay=0.7 taps=3.5 early=4.2 linemix=1.4 linedelay=3.6 linediff=32.7 linefilt=2.4 out=1.3 ctrl=0.1 param=0.0 clip=1.5 stage=8.4 wait=0.0 other=0.3 | mix=923 decay=1000 tone=1000 freeze=0 updates=0 overloads=0 blocks=1000/1000
controls pots=624 923 1000 1000 cv1=1(raw 999) cv2=1(raw 999)
staging copies=427 failures=0 stack_free=16580 mdma_lists=174450 mdma_errors=0 mdma_status=0x0 mdma_maxpolls=3084 list=385/392 us timed=1000 late=0 stale=0
load program=5 lines=8 mixed=0 avg=61.3% max=61.8% | input=0.6 predelay=0.7 taps=3.5 early=4.2 linemix=1.4 linedelay=3.6 linediff=32.7 linefilt=2.3 out=1.3 ctrl=0.1 param=0.0 clip=1.5 stage=8.4 wait=0.0 other=0.3 | mix=916 decay=1000 tone=1000 freeze=0 updates=0 overloads=0 blocks=1000/1000
controls pots=624 916 1000 1000 cv1=1(raw 999) cv2=1(raw 999)
staging copies=431 failures=0 stack_free=16580 mdma_lists=175450 mdma_errors=0 mdma_status=0x0 mdma_maxpolls=3084 list=385/391 us timed=1000 late=0 stale=0
load program=5 lines=8 mixed=0 avg=61.4% max=61.8% | input=0.6 predelay=0.7 taps=3.5 early=4.2 linemix=1.4 linedelay=3.6 linediff=32.7 linefilt=2.4 out=1.3 ctrl=0.1 param=0.0 clip=1.5 stage=8.4 wait=0.0 other=0.3 | mix=916 decay=1000 tone=1000 freeze=0 updates=0 overloads=0 blocks=1000/1000
controls pots=624 916 1000 1000 cv1=1(raw 999) cv2=1(raw 999)
staging copies=429 failures=0 stack_free=16580 mdma_lists=176450 mdma_errors=0 mdma_status=0x0 mdma_maxpolls=3084 list=385/391 us timed=1000 late=0 stale=0
load program=5 lines=8 mixed=0 avg=61.3% max=61.7% | input=0.6 predelay=0.7 taps=3.5 early=4.2 linemix=1.4 linedelay=3.6 linediff=32.7 linefilt=2.4 out=1.3 ctrl=0.1 param=0.0 clip=1.5 stage=8.4 wait=0.0 other=0.3 | mix=916 decay=1000 tone=1000 freeze=0 updates=0 overloads=0 blocks=1000/1000
controls pots=624 916 1000 1000 cv1=1(raw 999) cv2=1(raw 999)
staging copies=428 failures=0 stack_free=16580 mdma_lists=177450 mdma_errors=0 mdma_status=0x0 mdma_maxpolls=3084 list=385/392 us timed=1000 late=0 stale=0
load program=5 lines=8 mixed=0 avg=61.4% max=61.8% | input=0.6 predelay=0.7 taps=3.5 early=4.2 linemix=1.4 linedelay=3.6 linediff=32.7 linefilt=2.4 out=1.3 ctrl=0.1 param=0.0 clip=1.5 stage=8.4 wait=0.0 other=0.3 | mix=916 decay=1000 tone=1000 freeze=0 updates=0 overloads=0 blocks=1000/1000
controls pots=624 916 1000 1000 cv1=1(raw 999) cv2=1(raw 999)
staging copies=436 failures=0 stack_free=16580 mdma_lists=178450 mdma_errors=0 mdma_status=0x0 mdma_maxpolls=3084 list=385/391 us timed=1000 late=0 stale=0
load program=5 lines=8 mixed=0 avg=61.3% max=61.8% | input=0.6 predelay=0.7 taps=3.5 early=4.2 linemix=1.4 linedelay=3.6 linediff=32.7 linefilt=2.4 out=1.3 ctrl=0.1 param=0.0 clip=1.5 stage=8.4 wait=0.0 other=0.3 | mix=916 decay=1000 tone=1000 freeze=0 updates=0 overloads=0 blocks=1000/1000
controls pots=624 916 1000 1000 cv1=1(raw 999) cv2=1(raw 999)
staging copies=432 failures=0 stack_free=16580 mdma_lists=179450 mdma_errors=0 mdma_status=0x0 mdma_maxpolls=3084 list=385/391 us timed=1000 late=0 stale=0
load program=5 lines=8 mixed=0 avg=61.4% max=61.8% | input=0.6 predelay=0.7 taps=3.5 early=4.2 linemix=1.4 linedelay=3.6 linediff=32.7 linefilt=2.4 out=1.3 ctrl=0.1 param=0.0 clip=1.5 stage=8.4 wait=0.0 other=0.3 | mix=916 decay=1000 tone=1000 freeze=0 updates=0 overloads=0 blocks=1000/1000
controls pots=624 916 1000 1000 cv1=1(raw 999) cv2=1(raw 999)
staging copies=427 failures=0 stack_free=16580 mdma_lists=180450 mdma_errors=0 mdma_status=0x0 mdma_maxpolls=3084 list=385/391 us timed=1000 late=0 stale=0
load program=5 lines=8 mixed=0 avg=61.3% max=61.7% | input=0.6 predelay=0.7 taps=3.5 early=4.2 linemix=1.4 linedelay=3.6 linediff=32.7 linefilt=2.4 out=1.3 ctrl=0.1 param=0.0 clip=1.5 stage=8.4 wait=0.0 other=0.3 | mix=916 decay=1000 tone=1000 freeze=0 updates=0 overloads=0 blocks=1000/1000
controls pots=624 916 1000 1000 cv1=1(raw 999) cv2=1(raw 999)
staging copies=435 failures=0 stack_free=16580 mdma_lists=181450 mdma_errors=0 mdma_status=0x0 mdma_maxpolls=3084 list=385/391 us timed=1000 late=0 stale=0
load program=5 lines=8 mixed=0 avg=61.4% max=61.8% | input=0.6 predelay=0.7 taps=3.5 early=4.2 linemix=1.4 linedelay=3.6 linediff=32.7 linefilt=2.4 out=1.3 ctrl=0.1 param=0.0 clip=1.5 stage=8.4 wait=0.0 other=0.3 | mix=916 decay=1000 tone=1000 freeze=0 updates=0 overloads=0 blocks=1000/1000
controls pots=624 916 1000 1000 cv1=1(raw 999) cv2=1(raw 999)
staging copies=441 failures=0 stack_free=16580 mdma_lists=182450 mdma_errors=0 mdma_status=0x0 mdma_maxpolls=3084 list=385/391 us timed=1000 late=0 stale=0
load program=5 lines=8 mixed=0 avg=61.4% max=61.8% | input=0.6 predelay=0.7 taps=3.5 early=4.2 linemix=1.4 linedelay=3.6 linediff=32.7 linefilt=2.4 out=1.3 ctrl=0.1 param=0.0 clip=1.5 stage=8.4 wait=0.0 other=0.3 | mix=916 decay=1000 tone=1000 freeze=0 updates=0 overloads=0 blocks=1000/1000
controls pots=624 916 1000 1000 cv1=1(raw 999) cv2=1(raw 999)
staging copies=429 failures=0 stack_free=16580 mdma_lists=183450 mdma_errors=0 mdma_status=0x0 mdma_maxpolls=3084 list=385/391 us timed=1000 late=0 stale=0
load program=5 lines=8 mixed=0 avg=61.4% max=61.7% | input=0.6 predelay=0.7 taps=3.5 early=4.2 linemix=1.4 linedelay=3.6 linediff=32.7 linefilt=2.3 out=1.3 ctrl=0.1 param=0.0 clip=1.5 stage=8.4 wait=0.0 other=0.3 | mix=1000 decay=1000 tone=1000 freeze=0 updates=0 overloads=0 blocks=1000/1000
controls pots=624 1000 1000 1000 cv1=1(raw 999) cv2=1(raw 999)
staging copies=439 failures=0 stack_free=16580 mdma_lists=184450 mdma_errors=0 mdma_status=0x0 mdma_maxpolls=3084 list=385/391 us timed=1000 late=0 stale=0
load program=5 lines=8 mixed=0 avg=61.3% max=61.9% | input=0.6 predelay=0.7 taps=3.5 early=4.2 linemix=1.4 linedelay=3.6 linediff=32.7 linefilt=2.3 out=1.3 ctrl=0.1 param=0.0 clip=1.5 stage=8.4 wait=0.0 other=0.3 | mix=1000 decay=1000 tone=1000 freeze=0 updates=0 overloads=0 blocks=1000/1000
controls pots=624 1000 1000 1000 cv1=1(raw 999) cv2=1(raw 999)
staging copies=438 failures=0 stack_free=16580 mdma_lists=185450 mdma_errors=0 mdma_status=0x0 mdma_maxpolls=3084 list=385/391 us timed=1000 late=0 stale=0
load program=5 lines=8 mixed=0 avg=61.4% max=62.9% | input=0.6 predelay=0.7 taps=3.5 early=4.2 linemix=1.4 linedelay=3.6 linediff=32.7 linefilt=2.3 out=1.3 ctrl=0.1 param=0.0 clip=1.5 stage=8.4 wait=0.0 other=0.3 | mix=1000 decay=973 tone=1000 freeze=0 updates=24 overloads=0 blocks=1000/1000
controls pots=624 1000 972 1000 cv1=1(raw 999) cv2=1(raw 999)
staging copies=430 failures=0 stack_free=16580 mdma_lists=186450 mdma_errors=0 mdma_status=0x0 mdma_maxpolls=3084 list=385/391 us timed=1000 late=0 stale=23
load program=5 lines=8 mixed=0 avg=61.6% max=63.3% | input=0.6 predelay=0.7 taps=3.5 early=4.2 linemix=1.5 linedelay=3.6 linediff=32.7 linefilt=2.3 out=1.3 ctrl=0.1 param=0.2 clip=1.5 stage=8.4 wait=0.0 other=0.3 | mix=1000 decay=751 tone=1000 freeze=0 updates=186 overloads=0 blocks=1000/1000
controls pots=624 1000 751 1000 cv1=1(raw 999) cv2=1(raw 999)
staging copies=431 failures=0 stack_free=16580 mdma_lists=187450 mdma_errors=0 mdma_status=0x0 mdma_maxpolls=3084 list=386/392 us timed=1000 late=1 stale=183
load program=5 lines=8 mixed=0 avg=61.4% max=63.2% | input=0.6 predelay=0.7 taps=3.5 early=4.2 linemix=1.4 linedelay=3.6 linediff=32.7 linefilt=2.3 out=1.3 ctrl=0.1 param=0.0 clip=1.5 stage=8.4 wait=0.0 other=0.3 | mix=1000 decay=680 tone=1000 freeze=0 updates=64 overloads=0 blocks=1000/1000
controls pots=624 1000 679 1000 cv1=1(raw 999) cv2=1(raw 999)
staging copies=429 failures=0 stack_free=16580 mdma_lists=188450 mdma_errors=0 mdma_status=0x0 mdma_maxpolls=3084 list=385/392 us timed=1000 late=0 stale=64
load program=5 lines=8 mixed=0 avg=61.4% max=62.0% | input=0.6 predelay=0.7 taps=3.5 early=4.2 linemix=1.4 linedelay=3.6 linediff=32.7 linefilt=2.3 out=1.3 ctrl=0.1 param=0.0 clip=1.5 stage=8.4 wait=0.0 other=0.3 | mix=1000 decay=680 tone=935 freeze=0 updates=57 overloads=0 blocks=1000/1000
controls pots=624 1000 679 935 cv1=1(raw 999) cv2=1(raw 999)
staging copies=428 failures=0 stack_free=16580 mdma_lists=189450 mdma_errors=0 mdma_status=0x0 mdma_maxpolls=3084 list=385/391 us timed=1000 late=0 stale=0
load program=5 lines=8 mixed=0 avg=61.4% max=62.0% | input=0.6 predelay=0.7 taps=3.5 early=4.2 linemix=1.4 linedelay=3.6 linediff=32.7 linefilt=2.3 out=1.3 ctrl=0.1 param=0.0 clip=1.5 stage=8.4 wait=0.0 other=0.3 | mix=1000 decay=680 tone=709 freeze=0 updates=197 overloads=0 blocks=1000/1000
controls pots=624 1000 679 709 cv1=1(raw 999) cv2=1(raw 999)
staging copies=432 failures=0 stack_free=16580 mdma_lists=190450 mdma_errors=0 mdma_status=0x0 mdma_maxpolls=3084 list=385/391 us timed=1000 late=0 stale=0
load program=5 lines=8 mixed=0 avg=61.4% max=62.0% | input=0.6 predelay=0.7 taps=3.5 early=4.2 linemix=1.4 linedelay=3.6 linediff=32.7 linefilt=2.3 out=1.3 ctrl=0.1 param=0.0 clip=1.5 stage=8.4 wait=0.0 other=0.3 | mix=988 decay=680 tone=642 freeze=0 updates=59 overloads=0 blocks=1000/1000
controls pots=624 988 679 642 cv1=1(raw 999) cv2=1(raw 999)
staging copies=434 failures=0 stack_free=16580 mdma_lists=191450 mdma_errors=0 mdma_status=0x0 mdma_maxpolls=3084 list=385/391 us timed=1000 late=0 stale=0
load program=5 lines=8 mixed=0 avg=61.4% max=61.7% | input=0.6 predelay=0.7 taps=3.5 early=4.2 linemix=1.4 linedelay=3.6 linediff=32.7 linefilt=2.4 out=1.3 ctrl=0.1 param=0.0 clip=1.5 stage=8.4 wait=0.0 other=0.3 | mix=718 decay=680 tone=642 freeze=0 updates=0 overloads=0 blocks=1000/1000
controls pots=624 718 679 642 cv1=1(raw 999) cv2=1(raw 999)
staging copies=430 failures=0 stack_free=16580 mdma_lists=192450 mdma_errors=0 mdma_status=0x0 mdma_maxpolls=3084 list=385/391 us timed=1000 late=0 stale=0
load program=5 lines=8 mixed=0 avg=61.3% max=61.8% | input=0.6 predelay=0.7 taps=3.5 early=4.2 linemix=1.4 linedelay=3.6 linediff=32.7 linefilt=2.4 out=1.3 ctrl=0.1 param=0.0 clip=1.5 stage=8.4 wait=0.0 other=0.3 | mix=652 decay=680 tone=648 freeze=0 updates=5 overloads=0 blocks=1000/1000
controls pots=624 652 679 648 cv1=1(raw 999) cv2=1(raw 999)
staging copies=433 failures=0 stack_free=16580 mdma_lists=193450 mdma_errors=0 mdma_status=0x0 mdma_maxpolls=3084 list=385/391 us timed=1000 late=0 stale=0
load program=5 lines=8 mixed=0 avg=61.4% max=62.1% | input=0.6 predelay=0.7 taps=3.5 early=4.2 linemix=1.4 linedelay=3.6 linediff=32.7 linefilt=2.4 out=1.3 ctrl=0.1 param=0.0 clip=1.5 stage=8.4 wait=0.0 other=0.3 | mix=652 decay=680 tone=847 freeze=0 updates=174 overloads=0 blocks=1000/1000
controls pots=624 652 679 847 cv1=1(raw 999) cv2=1(raw 999)
staging copies=436 failures=0 stack_free=16580 mdma_lists=194450 mdma_errors=0 mdma_status=0x0 mdma_maxpolls=3084 list=385/391 us timed=1000 late=0 stale=0
load program=5 lines=8 mixed=0 avg=61.6% max=63.1% | input=0.6 predelay=0.7 taps=3.5 early=4.2 linemix=1.5 linedelay=3.6 linediff=32.7 linefilt=2.4 out=1.3 ctrl=0.1 param=0.2 clip=1.5 stage=8.4 wait=0.0 other=0.3 | mix=652 decay=893 tone=847 freeze=0 updates=180 overloads=0 blocks=1000/1000
controls pots=624 652 892 847 cv1=1(raw 999) cv2=1(raw 999)
staging copies=437 failures=0 stack_free=16580 mdma_lists=195450 mdma_errors=0 mdma_status=0x0 mdma_maxpolls=3084 list=386/392 us timed=1000 late=4 stale=178
load program=5 lines=8 mixed=0 avg=61.5% max=63.0% | input=0.6 predelay=0.7 taps=3.5 early=4.2 linemix=1.4 linedelay=3.6 linediff=32.7 linefilt=2.4 out=1.3 ctrl=0.1 param=0.1 clip=1.5 stage=8.4 wait=0.0 other=0.3 | mix=652 decay=969 tone=925 freeze=0 updates=129 overloads=0 blocks=1000/1000
controls pots=624 652 969 925 cv1=1(raw 999) cv2=1(raw 999)
staging copies=436 failures=0 stack_free=16580 mdma_lists=196450 mdma_errors=0 mdma_status=0x0 mdma_maxpolls=3084 list=385/393 us timed=1000 late=2 stale=67
load program=5 lines=8 mixed=0 avg=61.4% max=63.0% | input=0.6 predelay=0.7 taps=3.5 early=4.2 linemix=1.4 linedelay=3.6 linediff=32.7 linefilt=2.4 out=1.3 ctrl=0.1 param=0.0 clip=1.5 stage=8.4 wait=0.0 other=0.3 | mix=652 decay=983 tone=1000 freeze=0 updates=77 overloads=0 blocks=1000/1000
controls pots=624 652 982 1000 cv1=1(raw 999) cv2=1(raw 999)
staging copies=428 failures=0 stack_free=16580 mdma_lists=197450 mdma_errors=0 mdma_status=0x0 mdma_maxpolls=3084 list=385/392 us timed=1000 late=0 stale=11
load program=5 lines=8 mixed=0 avg=61.4% max=63.2% | input=0.6 predelay=0.7 taps=3.5 early=4.2 linemix=1.4 linedelay=3.6 linediff=32.7 linefilt=2.4 out=1.3 ctrl=0.1 param=0.0 clip=1.5 stage=8.4 wait=0.0 other=0.3 | mix=652 decay=1000 tone=1000 freeze=0 updates=14 overloads=0 blocks=1000/1000
controls pots=624 652 1000 1000 cv1=1(raw 999) cv2=1(raw 999)
staging copies=428 failures=0 stack_free=16580 mdma_lists=198450 mdma_errors=0 mdma_status=0x0 mdma_maxpolls=3084 list=385/392 us timed=1000 late=0 stale=14
load program=5 lines=8 mixed=0 avg=61.3% max=61.8% | input=0.6 predelay=0.7 taps=3.5 early=4.2 linemix=1.4 linedelay=3.6 linediff=32.7 linefilt=2.4 out=1.3 ctrl=0.1 param=0.0 clip=1.5 stage=8.4 wait=0.0 other=0.3 | mix=652 decay=1000 tone=1000 freeze=0 updates=0 overloads=0 blocks=1000/1000
controls pots=624 652 1000 1000 cv1=1(raw 999) cv2=1(raw 999)
staging copies=429 failures=0 stack_free=16580 mdma_lists=199450 mdma_errors=0 mdma_status=0x0 mdma_maxpolls=3084 list=385/391 us timed=1000 late=0 stale=0
load program=5 lines=8 mixed=0 avg=61.5% max=63.0% | input=0.6 predelay=0.7 taps=3.5 early=4.2 linemix=1.4 linedelay=3.6 linediff=32.7 linefilt=2.4 out=1.3 ctrl=0.1 param=0.1 clip=1.5 stage=8.4 wait=0.0 other=0.3 | mix=652 decay=846 tone=1000 freeze=0 updates=126 overloads=0 blocks=1000/1000
controls pots=624 652 845 1000 cv1=1(raw 999) cv2=1(raw 999)
staging copies=427 failures=0 stack_free=16580 mdma_lists=200450 mdma_errors=0 mdma_status=0x0 mdma_maxpolls=3084 list=385/392 us timed=1000 late=1 stale=125
load program=5 lines=8 mixed=0 avg=61.4% max=61.9% | input=0.6 predelay=0.7 taps=3.5 early=4.2 linemix=1.4 linedelay=3.6 linediff=32.7 linefilt=2.4 out=1.3 ctrl=0.1 param=0.0 clip=1.5 stage=8.4 wait=0.0 other=0.3 | mix=652 decay=846 tone=787 freeze=0 updates=182 overloads=0 blocks=1000/1000
controls pots=624 652 845 787 cv1=1(raw 999) cv2=1(raw 999)
staging copies=427 failures=0 stack_free=16580 mdma_lists=201450 mdma_errors=0 mdma_status=0x0 mdma_maxpolls=3084 list=385/390 us timed=1000 late=0 stale=0
load program=5 lines=8 mixed=0 avg=61.3% max=61.8% | input=0.6 predelay=0.7 taps=3.5 early=4.2 linemix=1.4 linedelay=3.6 linediff=32.7 linefilt=2.3 out=1.3 ctrl=0.1 param=0.0 clip=1.5 stage=8.4 wait=0.0 other=0.3 | mix=434 decay=846 tone=787 freeze=0 updates=0 overloads=0 blocks=1000/1000
controls pots=624 434 845 787 cv1=1(raw 999) cv2=1(raw 999)
staging copies=430 failures=0 stack_free=16580 mdma_lists=202450 mdma_errors=0 mdma_status=0x0 mdma_maxpolls=3084 list=385/390 us timed=1000 late=0 stale=0
load program=5 lines=8 mixed=0 avg=61.3% max=61.7% | input=0.6 predelay=0.7 taps=3.5 early=4.2 linemix=1.4 linedelay=3.6 linediff=32.7 linefilt=2.3 out=1.3 ctrl=0.1 param=0.0 clip=1.5 stage=8.4 wait=0.0 other=0.3 | mix=420 decay=846 tone=787 freeze=0 updates=0 overloads=0 blocks=1000/1000
controls pots=624 420 845 787 cv1=1(raw 999) cv2=1(raw 999)
staging copies=442 failures=0 stack_free=16580 mdma_lists=203450 mdma_errors=0 mdma_status=0x0 mdma_maxpolls=3084 list=385/392 us timed=1000 late=0 stale=0
program 6 "The 90s Are Back" lines=9 limit=9 early=5 late=0 taps=1 predelay=0
  mod=eld interp=1 filters=-l-Hc latetap=1 streams=42 sdram=11 placed=399+219KB unplaced=7 clock=480MHz
  staging=mdma sets=1 staged=30 unstaged=2 taps=0 copies<=86 tcm=11/87KB itcm=ok
load program=5 lines=8 mixed=1 avg=61.3% max=61.7% | input=0.6 predelay=0.7 taps=3.4 early=4.1 linemix=1.4 linedelay=3.5 linediff=31.8 linefilt=2.3 out=1.3 ctrl=0.1 param=0.0 clip=1.4 stage=8.1 wait=0.0 other=0.2 | mix=420 decay=846 tone=787 freeze=0 updates=0 overloads=0 blocks=973/1000
controls pots=704 420 845 787 cv1=1(raw 999) cv2=1(raw 999)
staging copies=424 failures=0 stack_free=16580 mdma_lists=204423 mdma_errors=0 mdma_status=0x0 mdma_maxpolls=3861 list=385/391 us timed=974 late=1 stale=0
load program=-1 lines=0 mixed=1 avg=20.1% max=22.7% | input=0.6 predelay=0.7 taps=0.6 early=2.6 linemix=1.5 linedelay=3.8 linediff=0.0 linefilt=4.8 out=1.4 ctrl=0.1 param=0.0 clip=1.4 stage=1.2 wait=0.0 other=0.2 | mix=420 decay=846 tone=787 freeze=0 updates=2 overloads=0 blocks=974/1000
controls pots=734 420 845 787 cv1=1(raw 999) cv2=1(raw 999)
staging copies=59 failures=0 stack_free=16580 mdma_lists=205398 mdma_errors=0 mdma_status=0x0 mdma_maxpolls=3861 list=54/56 us timed=974 late=1 stale=0
load program=6 lines=9 mixed=0 avg=20.0% max=20.3% | input=0.6 predelay=0.7 taps=0.6 early=2.6 linemix=1.6 linedelay=3.9 linediff=0.0 linefilt=4.8 out=1.4 ctrl=0.1 param=0.0 clip=1.4 stage=1.3 wait=0.0 other=0.2 | mix=420 decay=846 tone=787 freeze=0 updates=0 overloads=0 blocks=1000/1000
controls pots=734 420 845 787 cv1=1(raw 999) cv2=1(raw 999)
staging copies=59 failures=0 stack_free=16580 mdma_lists=206398 mdma_errors=0 mdma_status=0x0 mdma_maxpolls=3861 list=54/57 us timed=1000 late=0 stale=0
load program=6 lines=9 mixed=0 avg=20.0% max=20.3% | input=0.6 predelay=0.7 taps=0.6 early=2.6 linemix=1.6 linedelay=3.9 linediff=0.0 linefilt=4.8 out=1.4 ctrl=0.1 param=0.0 clip=1.5 stage=1.3 wait=0.0 other=0.2 | mix=420 decay=846 tone=787 freeze=0 updates=0 overloads=0 blocks=1000/1000
controls pots=734 420 845 787 cv1=1(raw 999) cv2=1(raw 999)
staging copies=61 failures=0 stack_free=16580 mdma_lists=207398 mdma_errors=0 mdma_status=0x0 mdma_maxpolls=3861 list=54/56 us timed=1000 late=0 stale=0
load program=6 lines=9 mixed=0 avg=20.0% max=20.2% | input=0.6 predelay=0.7 taps=0.6 early=2.6 linemix=1.6 linedelay=3.9 linediff=0.0 linefilt=4.8 out=1.4 ctrl=0.1 param=0.0 clip=1.5 stage=1.3 wait=0.0 other=0.2 | mix=420 decay=846 tone=787 freeze=0 updates=0 overloads=0 blocks=1000/1000
controls pots=734 420 845 787 cv1=1(raw 999) cv2=1(raw 999)
staging copies=60 failures=0 stack_free=16580 mdma_lists=208398 mdma_errors=0 mdma_status=0x0 mdma_maxpolls=3861 list=54/56 us timed=1000 late=0 stale=0
load program=6 lines=9 mixed=0 avg=20.0% max=20.2% | input=0.6 predelay=0.7 taps=0.6 early=2.6 linemix=1.6 linedelay=3.9 linediff=0.0 linefilt=4.8 out=1.4 ctrl=0.1 param=0.0 clip=1.5 stage=1.3 wait=0.0 other=0.2 | mix=420 decay=846 tone=787 freeze=0 updates=0 overloads=0 blocks=1000/1000
controls pots=734 420 845 787 cv1=1(raw 999) cv2=1(raw 999)
staging copies=58 failures=0 stack_free=16580 mdma_lists=209398 mdma_errors=0 mdma_status=0x0 mdma_maxpolls=3861 list=54/56 us timed=1000 late=0 stale=0
load program=6 lines=9 mixed=0 avg=20.1% max=21.5% | input=0.6 predelay=0.7 taps=0.6 early=2.6 linemix=1.6 linedelay=3.9 linediff=0.0 linefilt=4.8 out=1.4 ctrl=0.1 param=0.1 clip=1.5 stage=1.3 wait=0.0 other=0.2 | mix=420 decay=942 tone=787 freeze=0 updates=87 overloads=0 blocks=1000/1000
controls pots=734 420 941 787 cv1=1(raw 999) cv2=1(raw 999)
staging copies=58 failures=0 stack_free=16580 mdma_lists=210398 mdma_errors=0 mdma_status=0x0 mdma_maxpolls=3861 list=54/56 us timed=1000 late=0 stale=0
load program=6 lines=9 mixed=0 avg=20.0% max=21.6% | input=0.6 predelay=0.7 taps=0.6 early=2.6 linemix=1.6 linedelay=3.9 linediff=0.0 linefilt=4.8 out=1.4 ctrl=0.1 param=0.0 clip=1.5 stage=1.3 wait=0.0 other=0.2 | mix=420 decay=1000 tone=787 freeze=0 updates=52 overloads=0 blocks=1000/1000
controls pots=734 420 1000 787 cv1=1(raw 999) cv2=1(raw 999)
staging copies=60 failures=0 stack_free=16580 mdma_lists=211398 mdma_errors=0 mdma_status=0x0 mdma_maxpolls=3861 list=54/57 us timed=1000 late=0 stale=0
load program=6 lines=9 mixed=0 avg=20.0% max=20.4% | input=0.6 predelay=0.7 taps=0.6 early=2.6 linemix=1.6 linedelay=3.9 linediff=0.0 linefilt=4.8 out=1.4 ctrl=0.1 param=0.0 clip=1.5 stage=1.3 wait=0.0 other=0.2 | mix=420 decay=1000 tone=865 freeze=0 updates=68 overloads=0 blocks=1000/1000
controls pots=734 420 1000 865 cv1=1(raw 999) cv2=1(raw 999)
staging copies=58 failures=0 stack_free=16580 mdma_lists=212398 mdma_errors=0 mdma_status=0x0 mdma_maxpolls=3861 list=54/57 us timed=1000 late=0 stale=0
load program=6 lines=9 mixed=0 avg=20.0% max=20.5% | input=0.6 predelay=0.7 taps=0.6 early=2.6 linemix=1.6 linedelay=3.9 linediff=0.0 linefilt=4.8 out=1.4 ctrl=0.1 param=0.0 clip=1.5 stage=1.3 wait=0.0 other=0.2 | mix=420 decay=1000 tone=1000 freeze=0 updates=118 overloads=0 blocks=1000/1000
controls pots=734 420 1000 1000 cv1=1(raw 999) cv2=1(raw 999)
staging copies=58 failures=0 stack_free=16580 mdma_lists=213398 mdma_errors=0 mdma_status=0x0 mdma_maxpolls=3861 list=54/56 us timed=1000 late=0 stale=0
load program=6 lines=9 mixed=0 avg=20.0% max=20.3% | input=0.6 predelay=0.7 taps=0.6 early=2.6 linemix=1.6 linedelay=3.9 linediff=0.0 linefilt=4.8 out=1.4 ctrl=0.1 param=0.0 clip=1.5 stage=1.3 wait=0.0 other=0.2 | mix=420 decay=1000 tone=1000 freeze=0 updates=0 overloads=0 blocks=1000/1000
controls pots=734 420 1000 1000 cv1=1(raw 999) cv2=1(raw 999)
staging copies=58 failures=0 stack_free=16580 mdma_lists=214398 mdma_errors=0 mdma_status=0x0 mdma_maxpolls=3861 list=54/56 us timed=1000 late=0 stale=0
load program=6 lines=9 mixed=0 avg=20.0% max=20.2% | input=0.6 predelay=0.7 taps=0.6 early=2.6 linemix=1.6 linedelay=3.9 linediff=0.0 linefilt=4.8 out=1.4 ctrl=0.1 param=0.0 clip=1.5 stage=1.3 wait=0.0 other=0.3 | mix=662 decay=1000 tone=1000 freeze=0 updates=0 overloads=0 blocks=1000/1000
controls pots=734 662 1000 1000 cv1=1(raw 999) cv2=1(raw 999)
staging copies=58 failures=0 stack_free=16580 mdma_lists=215398 mdma_errors=0 mdma_status=0x0 mdma_maxpolls=3861 list=54/56 us timed=1000 late=0 stale=0
load program=6 lines=9 mixed=0 avg=20.0% max=20.3% | input=0.6 predelay=0.7 taps=0.6 early=2.6 linemix=1.6 linedelay=3.9 linediff=0.0 linefilt=4.8 out=1.4 ctrl=0.1 param=0.0 clip=1.5 stage=1.3 wait=0.0 other=0.3 | mix=980 decay=1000 tone=1000 freeze=0 updates=0 overloads=0 blocks=1000/1000
controls pots=734 980 1000 1000 cv1=1(raw 999) cv2=1(raw 999)
staging copies=58 failures=0 stack_free=16580 mdma_lists=216398 mdma_errors=0 mdma_status=0x0 mdma_maxpolls=3861 list=54/56 us timed=1000 late=0 stale=0
load program=6 lines=9 mixed=0 avg=20.0% max=20.3% | input=0.6 predelay=0.7 taps=0.6 early=2.6 linemix=1.6 linedelay=3.9 linediff=0.0 linefilt=4.8 out=1.4 ctrl=0.1 param=0.0 clip=1.5 stage=1.3 wait=0.0 other=0.3 | mix=1000 decay=1000 tone=1000 freeze=0 updates=0 overloads=0 blocks=1000/1000
controls pots=734 1000 1000 1000 cv1=1(raw 999) cv2=1(raw 999)
staging copies=58 failures=0 stack_free=16580 mdma_lists=217398 mdma_errors=0 mdma_status=0x0 mdma_maxpolls=3861 list=54/56 us timed=1000 late=0 stale=0
load program=6 lines=9 mixed=0 avg=20.0% max=20.3% | input=0.6 predelay=0.7 taps=0.6 early=2.6 linemix=1.6 linedelay=3.9 linediff=0.0 linefilt=4.8 out=1.4 ctrl=0.1 param=0.0 clip=1.5 stage=1.3 wait=0.0 other=0.3 | mix=1000 decay=1000 tone=1000 freeze=0 updates=0 overloads=0 blocks=1000/1000
controls pots=734 1000 1000 1000 cv1=1(raw 999) cv2=1(raw 999)
staging copies=58 failures=0 stack_free=16580 mdma_lists=218398 mdma_errors=0 mdma_status=0x0 mdma_maxpolls=3861 list=54/57 us timed=1000 late=0 stale=0
program 7 "Dull Echoes" lines=12 limit=12 early=4 late=0 taps=18 predelay=3360
  mod=eld interp=1 filters=-l--c latetap=0 streams=66 sdram=0 placed=419+93KB unplaced=0 clock=480MHz
  staging=mdma sets=1 staged=36 unstaged=0 taps=34 copies<=172 tcm=20/87KB itcm=ok
load program=6 lines=9 mixed=1 avg=21.1% max=25.1% | input=0.6 predelay=0.6 taps=1.1 early=2.3 linemix=1.8 linedelay=4.4 linediff=0.0 linefilt=4.2 out=1.6 ctrl=0.1 param=0.0 clip=1.4 stage=1.6 wait=0.0 other=0.3 | mix=1000 decay=1000 tone=1000 freeze=0 updates=2 overloads=0 blocks=973/1000
controls pots=846 1000 1000 1000 cv1=1(raw 999) cv2=1(raw 999)
staging copies=107 failures=0 stack_free=16580 mdma_lists=219372 mdma_errors=0 mdma_status=0x0 mdma_maxpolls=3861 list=67/81 us timed=974 late=1 stale=0
load program=7 lines=12 mixed=0 avg=22.1% max=22.4% | input=0.6 predelay=0.5 taps=1.8 early=2.1 linemix=2.1 linedelay=5.2 linediff=0.0 linefilt=3.5 out=1.7 ctrl=0.1 param=0.0 clip=1.4 stage=2.1 wait=0.0 other=0.3 | mix=1000 decay=1000 tone=1000 freeze=0 updates=0 overloads=0 blocks=1000/1000
controls pots=846 1000 1000 1000 cv1=1(raw 999) cv2=1(raw 999)
staging copies=104 failures=0 stack_free=16580 mdma_lists=220372 mdma_errors=0 mdma_status=0x0 mdma_maxpolls=3861 list=80/81 us timed=1000 late=0 stale=0
load program=7 lines=12 mixed=0 avg=22.1% max=22.3% | input=0.6 predelay=0.5 taps=1.8 early=2.1 linemix=2.1 linedelay=5.2 linediff=0.0 linefilt=3.5 out=1.7 ctrl=0.1 param=0.0 clip=1.4 stage=2.1 wait=0.0 other=0.3 | mix=1000 decay=1000 tone=1000 freeze=0 updates=0 overloads=0 blocks=1000/1000
controls pots=846 1000 1000 1000 cv1=1(raw 999) cv2=1(raw 999)
staging copies=105 failures=0 stack_free=16580 mdma_lists=221372 mdma_errors=0 mdma_status=0x0 mdma_maxpolls=3861 list=80/81 us timed=1000 late=0 stale=0
load program=7 lines=12 mixed=0 avg=22.2% max=23.7% | input=0.6 predelay=0.5 taps=1.8 early=2.1 linemix=2.2 linedelay=5.2 linediff=0.0 linefilt=3.5 out=1.7 ctrl=0.1 param=0.1 clip=1.4 stage=2.1 wait=0.0 other=0.3 | mix=1000 decay=852 tone=1000 freeze=0 updates=106 overloads=0 blocks=1000/1000
controls pots=846 1000 851 1000 cv1=1(raw 999) cv2=1(raw 999)
staging copies=104 failures=0 stack_free=16580 mdma_lists=222372 mdma_errors=0 mdma_status=0x0 mdma_maxpolls=3861 list=81/81 us timed=1000 late=0 stale=0
load program=7 lines=12 mixed=0 avg=22.1% max=22.5% | input=0.6 predelay=0.5 taps=1.8 early=2.1 linemix=2.1 linedelay=5.2 linediff=0.0 linefilt=3.5 out=1.7 ctrl=0.1 param=0.0 clip=1.4 stage=2.1 wait=0.0 other=0.3 | mix=1000 decay=852 tone=886 freeze=0 updates=97 overloads=0 blocks=1000/1000
controls pots=846 1000 851 886 cv1=1(raw 999) cv2=1(raw 999)
staging copies=105 failures=0 stack_free=16580 mdma_lists=223372 mdma_errors=0 mdma_status=0x0 mdma_maxpolls=3861 list=80/81 us timed=1000 late=0 stale=0
load program=7 lines=12 mixed=0 avg=22.1% max=22.6% | input=0.6 predelay=0.5 taps=1.8 early=2.1 linemix=2.1 linedelay=5.2 linediff=0.0 linefilt=3.5 out=1.7 ctrl=0.1 param=0.0 clip=1.4 stage=2.1 wait=0.0 other=0.3 | mix=1000 decay=852 tone=883 freeze=0 updates=3 overloads=0 blocks=1000/1000
controls pots=846 1000 851 883 cv1=1(raw 999) cv2=1(raw 999)
staging copies=113 failures=0 stack_free=16580 mdma_lists=224372 mdma_errors=0 mdma_status=0x0 mdma_maxpolls=3861 list=80/81 us timed=1000 late=0 stale=0
load program=7 lines=12 mixed=0 avg=22.1% max=22.3% | input=0.6 predelay=0.5 taps=1.8 early=2.1 linemix=2.1 linedelay=5.2 linediff=0.0 linefilt=3.5 out=1.7 ctrl=0.1 param=0.0 clip=1.4 stage=2.1 wait=0.0 other=0.3 | mix=1000 decay=852 tone=883 freeze=0 updates=0 overloads=0 blocks=1000/1000
controls pots=846 1000 851 883 cv1=1(raw 999) cv2=1(raw 999)
staging copies=104 failures=0 stack_free=16580 mdma_lists=225372 mdma_errors=0 mdma_status=0x0 mdma_maxpolls=3861 list=80/82 us timed=1000 late=0 stale=0
load program=7 lines=12 mixed=0 avg=22.1% max=22.3% | input=0.6 predelay=0.5 taps=1.8 early=2.1 linemix=2.1 linedelay=5.2 linediff=0.0 linefilt=3.5 out=1.7 ctrl=0.1 param=0.0 clip=1.4 stage=2.1 wait=0.0 other=0.3 | mix=919 decay=852 tone=883 freeze=0 updates=0 overloads=0 blocks=1000/1000
controls pots=846 919 851 883 cv1=1(raw 999) cv2=1(raw 999)
staging copies=104 failures=0 stack_free=16580 mdma_lists=226372 mdma_errors=0 mdma_status=0x0 mdma_maxpolls=3861 list=80/81 us timed=1000 late=0 stale=0
load program=7 lines=12 mixed=0 avg=22.1% max=22.3% | input=0.6 predelay=0.5 taps=1.8 early=2.1 linemix=2.1 linedelay=5.2 linediff=0.0 linefilt=3.5 out=1.7 ctrl=0.1 param=0.0 clip=1.4 stage=2.1 wait=0.0 other=0.3 | mix=758 decay=852 tone=883 freeze=0 updates=0 overloads=0 blocks=1000/1000
controls pots=846 758 851 883 cv1=1(raw 999) cv2=1(raw 999)
staging copies=106 failures=0 stack_free=16580 mdma_lists=227372 mdma_errors=0 mdma_status=0x0 mdma_maxpolls=3861 list=80/82 us timed=1000 late=0 stale=0
load program=7 lines=12 mixed=0 avg=22.1% max=22.4% | input=0.6 predelay=0.5 taps=1.8 early=2.1 linemix=2.1 linedelay=5.2 linediff=0.0 linefilt=3.5 out=1.7 ctrl=0.1 param=0.0 clip=1.4 stage=2.1 wait=0.0 other=0.3 | mix=757 decay=852 tone=883 freeze=0 updates=0 overloads=0 blocks=1000/1000
controls pots=846 757 851 883 cv1=1(raw 999) cv2=1(raw 999)
staging copies=104 failures=0 stack_free=16580 mdma_lists=228372 mdma_errors=0 mdma_status=0x0 mdma_maxpolls=3861 list=80/81 us timed=1000 late=0 stale=0
load program=7 lines=12 mixed=0 avg=22.1% max=22.3% | input=0.6 predelay=0.5 taps=1.8 early=2.1 linemix=2.1 linedelay=5.2 linediff=0.0 linefilt=3.5 out=1.7 ctrl=0.1 param=0.0 clip=1.4 stage=2.1 wait=0.0 other=0.3 | mix=741 decay=852 tone=883 freeze=0 updates=0 overloads=0 blocks=1000/1000
controls pots=846 741 851 883 cv1=1(raw 999) cv2=1(raw 999)
staging copies=104 failures=0 stack_free=16580 mdma_lists=229372 mdma_errors=0 mdma_status=0x0 mdma_maxpolls=3861 list=80/81 us timed=1000 late=0 stale=0
load program=7 lines=12 mixed=0 avg=22.1% max=22.3% | input=0.6 predelay=0.5 taps=1.8 early=2.1 linemix=2.1 linedelay=5.2 linediff=0.0 linefilt=3.5 out=1.7 ctrl=0.1 param=0.0 clip=1.4 stage=2.1 wait=0.0 other=0.3 | mix=741 decay=852 tone=883 freeze=0 updates=0 overloads=0 blocks=1000/1000
controls pots=846 741 851 883 cv1=1(raw 999) cv2=1(raw 999)
staging copies=106 failures=0 stack_free=16580 mdma_lists=230372 mdma_errors=0 mdma_status=0x0 mdma_maxpolls=3861 list=80/81 us timed=1000 late=0 stale=0
load program=7 lines=12 mixed=0 avg=22.1% max=22.3% | input=0.6 predelay=0.5 taps=1.8 early=2.1 linemix=2.1 linedelay=5.2 linediff=0.0 linefilt=3.5 out=1.7 ctrl=0.1 param=0.0 clip=1.4 stage=2.1 wait=0.0 other=0.3 | mix=636 decay=852 tone=883 freeze=0 updates=0 overloads=0 blocks=1000/1000
controls pots=846 636 851 883 cv1=1(raw 999) cv2=1(raw 999)
staging copies=106 failures=0 stack_free=16580 mdma_lists=231372 mdma_errors=0 mdma_status=0x0 mdma_maxpolls=3861 list=80/81 us timed=1000 late=0 stale=0
load program=7 lines=12 mixed=0 avg=22.1% max=22.3% | input=0.6 predelay=0.5 taps=1.8 early=2.1 linemix=2.1 linedelay=5.2 linediff=0.0 linefilt=3.5 out=1.7 ctrl=0.1 param=0.0 clip=1.4 stage=2.1 wait=0.0 other=0.3 | mix=566 decay=852 tone=883 freeze=0 updates=0 overloads=0 blocks=1000/1000
controls pots=846 566 851 883 cv1=1(raw 999) cv2=1(raw 999)
staging copies=104 failures=0 stack_free=16580 mdma_lists=232372 mdma_errors=0 mdma_status=0x0 mdma_maxpolls=3861 list=80/81 us timed=1000 late=0 stale=0
load program=7 lines=12 mixed=0 avg=22.2% max=23.7% | input=0.6 predelay=0.5 taps=1.8 early=2.1 linemix=2.1 linedelay=5.2 linediff=0.0 linefilt=3.5 out=1.7 ctrl=0.1 param=0.1 clip=1.4 stage=2.1 wait=0.0 other=0.3 | mix=566 decay=945 tone=883 freeze=0 updates=83 overloads=0 blocks=1000/1000
controls pots=846 566 944 883 cv1=1(raw 999) cv2=1(raw 999)
staging copies=107 failures=0 stack_free=16580 mdma_lists=233372 mdma_errors=0 mdma_status=0x0 mdma_maxpolls=3861 list=80/81 us timed=1000 late=0 stale=0
load program=7 lines=12 mixed=0 avg=22.1% max=23.8% | input=0.6 predelay=0.5 taps=1.8 early=2.1 linemix=2.1 linedelay=5.2 linediff=0.0 linefilt=3.5 out=1.7 ctrl=0.1 param=0.0 clip=1.4 stage=2.1 wait=0.0 other=0.3 | mix=566 decay=1000 tone=883 freeze=0 updates=51 overloads=0 blocks=1000/1000
controls pots=846 566 1000 883 cv1=1(raw 999) cv2=1(raw 999)
staging copies=104 failures=0 stack_free=16580 mdma_lists=234372 mdma_errors=0 mdma_status=0x0 mdma_maxpolls=3861 list=80/81 us timed=1000 late=0 stale=0
load program=7 lines=12 mixed=0 avg=22.1% max=22.5% | input=0.6 predelay=0.5 taps=1.8 early=2.1 linemix=2.1 linedelay=5.2 linediff=0.0 linefilt=3.5 out=1.7 ctrl=0.1 param=0.0 clip=1.4 stage=2.1 wait=0.0 other=0.3 | mix=566 decay=1000 tone=1000 freeze=0 updates=101 overloads=0 blocks=1000/1000
controls pots=846 566 1000 1000 cv1=1(raw 999) cv2=1(raw 999)
staging copies=104 failures=0 stack_free=16580 mdma_lists=235372 mdma_errors=0 mdma_status=0x0 mdma_maxpolls=3861 list=81/81 us timed=1000 late=0 stale=0
load program=7 lines=12 mixed=0 avg=22.1% max=22.3% | input=0.6 predelay=0.5 taps=1.8 early=2.1 linemix=2.1 linedelay=5.2 linediff=0.0 linefilt=3.5 out=1.7 ctrl=0.1 param=0.0 clip=1.4 stage=2.1 wait=0.0 other=0.3 | mix=566 decay=1000 tone=1000 freeze=0 updates=0 overloads=0 blocks=1000/1000
controls pots=846 566 1000 1000 cv1=1(raw 999) cv2=1(raw 999)
staging copies=115 failures=0 stack_free=16580 mdma_lists=236372 mdma_errors=0 mdma_status=0x0 mdma_maxpolls=3861 list=80/81 us timed=1000 late=0 stale=0
load program=7 lines=12 mixed=0 avg=22.1% max=22.3% | input=0.6 predelay=0.5 taps=1.8 early=2.1 linemix=2.1 linedelay=5.2 linediff=0.0 linefilt=3.5 out=1.7 ctrl=0.1 param=0.0 clip=1.4 stage=2.1 wait=0.0 other=0.3 | mix=566 decay=1000 tone=1000 freeze=0 updates=0 overloads=0 blocks=1000/1000
controls pots=846 566 1000 1000 cv1=1(raw 999) cv2=1(raw 999)
staging copies=110 failures=0 stack_free=16580 mdma_lists=237372 mdma_errors=0 mdma_status=0x0 mdma_maxpolls=3861 list=80/82 us timed=1000 late=0 stale=0
load program=7 lines=12 mixed=0 avg=22.1% max=22.3% | input=0.6 predelay=0.5 taps=1.8 early=2.1 linemix=2.1 linedelay=5.2 linediff=0.0 linefilt=3.5 out=1.7 ctrl=0.1 param=0.0 clip=1.4 stage=2.1 wait=0.0 other=0.3 | mix=566 decay=1000 tone=1000 freeze=0 updates=0 overloads=0 blocks=1000/1000
controls pots=846 566 1000 1000 cv1=1(raw 999) cv2=1(raw 999)
staging copies=105 failures=0 stack_free=16580 mdma_lists=238372 mdma_errors=0 mdma_status=0x0 mdma_maxpolls=3861 list=80/81 us timed=1000 late=0 stale=0
load program=7 lines=12 mixed=0 avg=22.1% max=22.4% | input=0.6 predelay=0.5 taps=1.8 early=2.1 linemix=2.1 linedelay=5.2 linediff=0.0 linefilt=3.5 out=1.7 ctrl=0.1 param=0.0 clip=1.4 stage=2.1 wait=0.0 other=0.3 | mix=566 decay=1000 tone=983 freeze=0 updates=15 overloads=0 blocks=1000/1000
controls pots=846 566 1000 983 cv1=1(raw 999) cv2=1(raw 999)
staging copies=108 failures=0 stack_free=16580 mdma_lists=239372 mdma_errors=0 mdma_status=0x0 mdma_maxpolls=3861 list=81/81 us timed=1000 late=0 stale=0
load program=7 lines=12 mixed=0 avg=22.1% max=22.4% | input=0.6 predelay=0.5 taps=1.8 early=2.1 linemix=2.1 linedelay=5.2 linediff=0.0 linefilt=3.5 out=1.7 ctrl=0.1 param=0.0 clip=1.4 stage=2.1 wait=0.0 other=0.3 | mix=566 decay=1000 tone=971 freeze=0 updates=12 overloads=0 blocks=1000/1000
controls pots=846 566 1000 971 cv1=1(raw 999) cv2=1(raw 999)
staging copies=105 failures=0 stack_free=16580 mdma_lists=240372 mdma_errors=0 mdma_status=0x0 mdma_maxpolls=3861 list=80/81 us timed=1000 late=0 stale=0
load program=7 lines=12 mixed=0 avg=22.1% max=22.4% | input=0.6 predelay=0.5 taps=1.8 early=2.1 linemix=2.1 linedelay=5.2 linediff=0.0 linefilt=3.5 out=1.7 ctrl=0.1 param=0.0 clip=1.4 stage=2.1 wait=0.0 other=0.3 | mix=566 decay=1000 tone=851 freeze=0 updates=107 overloads=0 blocks=1000/1000
controls pots=846 566 1000 851 cv1=1(raw 999) cv2=1(raw 999)
staging copies=106 failures=0 stack_free=16580 mdma_lists=241372 mdma_errors=0 mdma_status=0x0 mdma_maxpolls=3861 list=80/81 us timed=1000 late=0 stale=0
load program=7 lines=12 mixed=0 avg=22.1% max=23.6% | input=0.6 predelay=0.5 taps=1.8 early=2.1 linemix=2.1 linedelay=5.2 linediff=0.0 linefilt=3.5 out=1.7 ctrl=0.1 param=0.0 clip=1.4 stage=2.1 wait=0.0 other=0.3 | mix=566 decay=947 tone=774 freeze=0 updates=115 overloads=0 blocks=1000/1000
controls pots=846 566 946 774 cv1=1(raw 999) cv2=1(raw 999)
staging copies=109 failures=0 stack_free=16580 mdma_lists=242372 mdma_errors=0 mdma_status=0x0 mdma_maxpolls=3861 list=81/81 us timed=1000 late=0 stale=0
load program=7 lines=12 mixed=0 avg=22.3% max=23.8% | input=0.6 predelay=0.5 taps=1.8 early=2.1 linemix=2.2 linedelay=5.2 linediff=0.0 linefilt=3.5 out=1.7 ctrl=0.1 param=0.2 clip=1.4 stage=2.1 wait=0.0 other=0.3 | mix=566 decay=746 tone=774 freeze=0 updates=170 overloads=0 blocks=1000/1000
controls pots=846 566 745 774 cv1=1(raw 999) cv2=1(raw 999)
staging copies=104 failures=0 stack_free=16580 mdma_lists=243372 mdma_errors=0 mdma_status=0x0 mdma_maxpolls=3861 list=80/81 us timed=1000 late=0 stale=0
load program=7 lines=12 mixed=0 avg=22.1% max=22.3% | input=0.6 predelay=0.5 taps=1.8 early=2.1 linemix=2.1 linedelay=5.2 linediff=0.0 linefilt=3.5 out=1.7 ctrl=0.1 param=0.0 clip=1.4 stage=2.1 wait=0.0 other=0.3 | mix=720 decay=746 tone=774 freeze=0 updates=0 overloads=0 blocks=1000/1000
controls pots=846 720 745 774 cv1=1(raw 999) cv2=1(raw 999)
staging copies=104 failures=0 stack_free=16580 mdma_lists=244372 mdma_errors=0 mdma_status=0x0 mdma_maxpolls=3861 list=81/81 us timed=1000 late=0 stale=0
load program=7 lines=12 mixed=0 avg=22.1% max=22.3% | input=0.6 predelay=0.5 taps=1.8 early=2.1 linemix=2.1 linedelay=5.2 linediff=0.0 linefilt=3.5 out=1.7 ctrl=0.1 param=0.0 clip=1.4 stage=2.1 wait=0.0 other=0.3 | mix=981 decay=746 tone=774 freeze=0 updates=0 overloads=0 blocks=1000/1000
controls pots=846 981 745 774 cv1=1(raw 999) cv2=1(raw 999)
staging copies=108 failures=0 stack_free=16580 mdma_lists=245372 mdma_errors=0 mdma_status=0x0 mdma_maxpolls=3861 list=80/81 us timed=1000 late=0 stale=0
load program=7 lines=12 mixed=0 avg=22.1% max=22.4% | input=0.6 predelay=0.5 taps=1.8 early=2.1 linemix=2.1 linedelay=5.2 linediff=0.0 linefilt=3.5 out=1.7 ctrl=0.1 param=0.0 clip=1.4 stage=2.1 wait=0.0 other=0.3 | mix=999 decay=746 tone=774 freeze=0 updates=0 overloads=0 blocks=1000/1000
controls pots=918 999 745 774 cv1=1(raw 999) cv2=1(raw 999)
staging copies=104 failures=0 stack_free=16580 mdma_lists=246372 mdma_errors=0 mdma_status=0x0 mdma_maxpolls=3861 list=80/81 us timed=1000 late=0 stale=0
program 8 "Chorus Delay" lines=12 limit=12 early=4 late=3 taps=18 predelay=3360
  mod=eld interp=0 filters=----c latetap=1 streams=138 sdram=33 placed=431+217KB unplaced=23 clock=480MHz
  staging=mdma sets=1 staged=108 unstaged=0 taps=34 copies<=388 tcm=49/87KB itcm=ok
load program=7 lines=12 mixed=1 avg=40.2% max=43.1% | input=0.3 predelay=0.4 taps=1.6 early=2.0 linemix=2.0 linedelay=5.0 linediff=14.2 linefilt=3.5 out=1.7 ctrl=0.1 param=0.0 clip=1.3 stage=4.6 wait=0.0 other=0.3 | mix=999 decay=746 tone=774 freeze=0 updates=2 overloads=0 blocks=939/1000
controls pots=966 999 745 774 cv1=1(raw 999) cv2=1(raw 999)
staging copies=255 failures=0 stack_free=16580 mdma_lists=247312 mdma_errors=0 mdma_status=0x0 mdma_maxpolls=3861 list=228/236 us timed=940 late=1 stale=0
load program=8 lines=12 mixed=0 avg=40.1% max=40.5% | input=0.3 predelay=0.5 taps=1.8 early=2.1 linemix=2.1 linedelay=5.3 linediff=15.2 linefilt=3.5 out=1.8 ctrl=0.1 param=0.0 clip=1.5 stage=4.9 wait=0.0 other=0.3 | mix=999 decay=746 tone=983 freeze=0 updates=176 overloads=0 blocks=1000/1000
controls pots=966 999 745 983 cv1=1(raw 999) cv2=1(raw 999)
staging copies=258 failures=0 stack_free=16580 mdma_lists=248312 mdma_errors=0 mdma_status=0x0 mdma_maxpolls=3861 list=229/236 us timed=1000 late=0 stale=0
load program=8 lines=12 mixed=0 avg=40.1% max=40.6% | input=0.3 predelay=0.5 taps=1.7 early=2.1 linemix=2.1 linedelay=5.3 linediff=15.2 linefilt=3.5 out=1.8 ctrl=0.1 param=0.0 clip=1.5 stage=4.9 wait=0.0 other=0.3 | mix=999 decay=746 tone=1000 freeze=0 updates=15 overloads=0 blocks=1000/1000
controls pots=966 999 745 1000 cv1=1(raw 999) cv2=1(raw 999)
staging copies=252 failures=0 stack_free=16580 mdma_lists=249312 mdma_errors=0 mdma_status=0x0 mdma_maxpolls=3861 list=229/237 us timed=1000 late=0 stale=0
load program=8 lines=12 mixed=0 avg=40.4% max=41.8% | input=0.3 predelay=0.5 taps=1.8 early=2.1 linemix=2.2 linedelay=5.3 linediff=15.2 linefilt=3.5 out=1.8 ctrl=0.1 param=0.2 clip=1.5 stage=4.9 wait=0.0 other=0.3 | mix=999 decay=1000 tone=1000 freeze=0 updates=218 overloads=0 blocks=1000/1000
controls pots=966 999 1000 1000 cv1=1(raw 999) cv2=1(raw 999)
staging copies=252 failures=0 stack_free=16580 mdma_lists=250312 mdma_errors=0 mdma_status=0x0 mdma_maxpolls=3861 list=229/236 us timed=1000 late=0 stale=0
load program=8 lines=12 mixed=0 avg=40.1% max=40.5% | input=0.3 predelay=0.5 taps=1.7 early=2.1 linemix=2.1 linedelay=5.3 linediff=15.2 linefilt=3.5 out=1.8 ctrl=0.1 param=0.0 clip=1.5 stage=4.9 wait=0.0 other=0.3 | mix=999 decay=1000 tone=1000 freeze=0 updates=0 overloads=0 blocks=1000/1000
controls pots=966 999 1000 1000 cv1=1(raw 999) cv2=1(raw 999)
staging copies=250 failures=0 stack_free=16580 mdma_lists=251312 mdma_errors=0 mdma_status=0x0 mdma_maxpolls=3861 list=229/236 us timed=1000 late=0 stale=0
load program=8 lines=12 mixed=0 avg=40.1% max=40.4% | input=0.3 predelay=0.5 taps=1.7 early=2.1 linemix=2.1 linedelay=5.3 linediff=15.2 linefilt=3.5 out=1.8 ctrl=0.1 param=0.0 clip=1.5 stage=4.9 wait=0.0 other=0.3 | mix=999 decay=1000 tone=1000 freeze=0 updates=0 overloads=0 blocks=1000/1000
controls pots=966 999 1000 1000 cv1=1(raw 999) cv2=1(raw 999)
staging copies=252 failures=0 stack_free=16580 mdma_lists=252312 mdma_errors=0 mdma_status=0x0 mdma_maxpolls=3861 list=229/237 us timed=1000 late=0 stale=0
load program=8 lines=12 mixed=0 avg=40.1% max=40.4% | input=0.3 predelay=0.5 taps=1.7 early=2.1 linemix=2.1 linedelay=5.3 linediff=15.2 linefilt=3.5 out=1.8 ctrl=0.1 param=0.0 clip=1.5 stage=4.9 wait=0.0 other=0.3 | mix=999 decay=1000 tone=1000 freeze=0 updates=0 overloads=0 blocks=1000/1000
controls pots=966 999 1000 1000 cv1=1(raw 999) cv2=1(raw 999)
staging copies=251 failures=0 stack_free=16580 mdma_lists=253312 mdma_errors=0 mdma_status=0x0 mdma_maxpolls=3861 list=229/236 us timed=1000 late=0 stale=0
load program=8 lines=12 mixed=0 avg=40.1% max=40.4% | input=0.3 predelay=0.5 taps=1.7 early=2.1 linemix=2.1 linedelay=5.3 linediff=15.2 linefilt=3.5 out=1.8 ctrl=0.1 param=0.0 clip=1.5 stage=4.9 wait=0.0 other=0.3 | mix=999 decay=1000 tone=1000 freeze=0 updates=0 overloads=0 blocks=1000/1000
controls pots=966 999 1000 1000 cv1=1(raw 999) cv2=1(raw 999)
staging copies=253 failures=0 stack_free=16580 mdma_lists=254312 mdma_errors=0 mdma_status=0x0 mdma_maxpolls=3861 list=229/236 us timed=1000 late=0 stale=0
load program=8 lines=12 mixed=0 avg=40.1% max=40.6% | input=0.3 predelay=0.5 taps=1.8 early=2.1 linemix=2.1 linedelay=5.3 linediff=15.2 linefilt=3.5 out=1.8 ctrl=0.1 param=0.0 clip=1.5 stage=4.9 wait=0.0 other=0.3 | mix=999 decay=1000 tone=892 freeze=0 updates=96 overloads=0 blocks=1000/1000
controls pots=966 999 1000 892 cv1=1(raw 999) cv2=1(raw 999)
staging copies=248 failures=0 stack_free=16580 mdma_lists=255312 mdma_errors=0 mdma_status=0x0 mdma_maxpolls=3861 list=229/236 us timed=1000 late=0 stale=0
load program=8 lines=12 mixed=0 avg=40.1% max=40.7% | input=0.3 predelay=0.5 taps=1.7 early=2.1 linemix=2.1 linedelay=5.3 linediff=15.2 linefilt=3.5 out=1.8 ctrl=0.1 param=0.0 clip=1.5 stage=4.9 wait=0.0 other=0.3 | mix=999 decay=1000 tone=792 freeze=0 updates=90 overloads=0 blocks=1000/1000
controls pots=966 999 1000 792 cv1=1(raw 999) cv2=1(raw 999)
staging copies=252 failures=0 stack_free=16580 mdma_lists=256312 mdma_errors=0 mdma_status=0x0 mdma_maxpolls=3861 list=229/236 us timed=1000 late=0 stale=0
load program=8 lines=12 mixed=0 avg=40.1% max=41.8% | input=0.3 predelay=0.5 taps=1.7 early=2.1 linemix=2.1 linedelay=5.3 linediff=15.2 linefilt=3.5 out=1.8 ctrl=0.1 param=0.0 clip=1.5 stage=4.9 wait=0.0 other=0.3 | mix=999 decay=977 tone=792 freeze=0 updates=19 overloads=0 blocks=1000/1000
controls pots=966 999 976 792 cv1=1(raw 999) cv2=1(raw 999)
staging copies=250 failures=0 stack_free=16580 mdma_lists=257312 mdma_errors=0 mdma_status=0x0 mdma_maxpolls=3861 list=229/236 us timed=1000 late=0 stale=0
load program=8 lines=12 mixed=0 avg=40.4% max=41.8% | input=0.3 predelay=0.5 taps=1.8 early=2.1 linemix=2.2 linedelay=5.3 linediff=15.2 linefilt=3.5 out=1.8 ctrl=0.1 param=0.2 clip=1.5 stage=4.9 wait=0.0 other=0.3 | mix=999 decay=750 tone=792 freeze=0 updates=199 overloads=0 blocks=1000/1000
controls pots=966 999 749 792 cv1=1(raw 999) cv2=1(raw 999)
staging copies=255 failures=0 stack_free=16580 mdma_lists=258312 mdma_errors=0 mdma_status=0x0 mdma_maxpolls=3861 list=229/236 us timed=1000 late=0 stale=0
load program=8 lines=12 mixed=0 avg=40.1% max=41.7% | input=0.3 predelay=0.5 taps=1.7 early=2.1 linemix=2.1 linedelay=5.3 linediff=15.2 linefilt=3.5 out=1.8 ctrl=0.1 param=0.0 clip=1.5 stage=4.9 wait=0.0 other=0.3 | mix=923 decay=746 tone=792 freeze=0 updates=4 overloads=0 blocks=1000/1000
controls pots=966 923 745 792 cv1=1(raw 999) cv2=1(raw 999)
staging copies=257 failures=0 stack_free=16580 mdma_lists=259312 mdma_errors=0 mdma_status=0x0 mdma_maxpolls=3861 list=229/236 us timed=1000 late=0 stale=0
load program=8 lines=12 mixed=0 avg=40.1% max=40.4% | input=0.3 predelay=0.5 taps=1.7 early=2.1 linemix=2.1 linedelay=5.3 linediff=15.2 linefilt=3.5 out=1.8 ctrl=0.1 param=0.0 clip=1.5 stage=4.9 wait=0.0 other=0.3 | mix=718 decay=746 tone=792 freeze=0 updates=0 overloads=0 blocks=1000/1000
controls pots=966 718 745 792 cv1=1(raw 999) cv2=1(raw 999)
staging copies=250 failures=0 stack_free=16580 mdma_lists=260312 mdma_errors=0 mdma_status=0x0 mdma_maxpolls=3861 list=229/236 us timed=1000 late=0 stale=0
load program=8 lines=12 mixed=0 avg=40.1% max=40.4% | input=0.3 predelay=0.5 taps=1.7 early=2.1 linemix=2.1 linedelay=5.3 linediff=15.2 linefilt=3.5 out=1.8 ctrl=0.1 param=0.0 clip=1.5 stage=4.9 wait=0.0 other=0.3 | mix=616 decay=746 tone=792 freeze=0 updates=0 overloads=0 blocks=1000/1000
controls pots=966 616 745 792 cv1=1(raw 999) cv2=1(raw 999)
staging copies=253 failures=0 stack_free=16580 mdma_lists=261312 mdma_errors=0 mdma_status=0x0 mdma_maxpolls=3861 list=229/236 us timed=1000 late=0 stale=0
load program=8 lines=12 mixed=0 avg=40.1% max=40.4% | input=0.3 predelay=0.5 taps=1.7 early=2.1 linemix=2.1 linedelay=5.3 linediff=15.2 linefilt=3.5 out=1.8 ctrl=0.1 param=0.0 clip=1.5 stage=4.9 wait=0.0 other=0.3 | mix=616 decay=746 tone=792 freeze=0 updates=0 overloads=0 blocks=1000/1000
controls pots=966 616 745 792 cv1=1(raw 999) cv2=1(raw 999)
staging copies=249 failures=0 stack_free=16580 mdma_lists=262312 mdma_errors=0 mdma_status=0x0 mdma_maxpolls=3861 list=229/237 us timed=1000 late=0 stale=0
load program=8 lines=12 mixed=0 avg=40.1% max=40.6% | input=0.3 predelay=0.5 taps=1.7 early=2.1 linemix=2.1 linedelay=5.3 linediff=15.2 linefilt=3.5 out=1.8 ctrl=0.1 param=0.0 clip=1.5 stage=4.9 wait=0.0 other=0.3 | mix=616 decay=746 tone=914 freeze=0 updates=103 overloads=0 blocks=1000/1000
controls pots=966 616 745 914 cv1=1(raw 999) cv2=1(raw 999)
staging copies=254 failures=0 stack_free=16580 mdma_lists=263312 mdma_errors=0 mdma_status=0x0 mdma_maxpolls=3861 list=229/236 us timed=1000 late=0 stale=0
load program=8 lines=12 mixed=0 avg=40.2% max=41.7% | input=0.3 predelay=0.5 taps=1.7 early=2.1 linemix=2.2 linedelay=5.3 linediff=15.2 linefilt=3.5 out=1.8 ctrl=0.1 param=0.1 clip=1.5 stage=4.9 wait=0.0 other=0.3 | mix=616 decay=815 tone=973 freeze=0 updates=112 overloads=0 blocks=1000/1000
controls pots=966 616 814 973 cv1=1(raw 999) cv2=1(raw 999)
staging copies=253 failures=0 stack_free=16580 mdma_lists=264312 mdma_errors=0 mdma_status=0x0 mdma_maxpolls=3861 list=229/236 us timed=1000 late=0 stale=0
load program=8 lines=12 mixed=0 avg=40.1% max=40.5% | input=0.3 predelay=0.5 taps=1.7 early=2.1 linemix=2.1 linedelay=5.3 linediff=15.2 linefilt=3.5 out=1.8 ctrl=0.1 param=0.0 clip=1.5 stage=4.9 wait=0.0 other=0.3 | mix=616 decay=815 tone=973 freeze=0 updates=0 overloads=0 blocks=1000/1000
controls pots=966 616 814 973 cv1=1(raw 999) cv2=1(raw 999)
staging copies=256 failures=0 stack_free=16580 mdma_lists=265312 mdma_errors=0 mdma_status=0x0 mdma_maxpolls=3861 list=229/236 us timed=1000 late=0 stale=0
load program=8 lines=12 mixed=0 avg=40.1% max=40.4% | input=0.3 predelay=0.5 taps=1.7 early=2.1 linemix=2.1 linedelay=5.3 linediff=15.2 linefilt=3.5 out=1.8 ctrl=0.1 param=0.0 clip=1.5 stage=4.9 wait=0.0 other=0.3 | mix=616 decay=815 tone=973 freeze=0 updates=0 overloads=0 blocks=1000/1000
controls pots=966 616 814 973 cv1=1(raw 999) cv2=1(raw 999)
staging copies=255 failures=0 stack_free=16580 mdma_lists=266312 mdma_errors=0 mdma_status=0x0 mdma_maxpolls=3861 list=229/236 us timed=1000 late=0 stale=0
load program=8 lines=12 mixed=0 avg=40.1% max=40.4% | input=0.3 predelay=0.5 taps=1.8 early=2.1 linemix=2.1 linedelay=5.3 linediff=15.2 linefilt=3.5 out=1.8 ctrl=0.1 param=0.0 clip=1.5 stage=4.9 wait=0.0 other=0.3 | mix=616 decay=815 tone=973 freeze=0 updates=0 overloads=0 blocks=1000/1000
controls pots=966 616 814 973 cv1=1(raw 999) cv2=1(raw 999)
staging copies=252 failures=0 stack_free=16580 mdma_lists=267312 mdma_errors=0 mdma_status=0x0 mdma_maxpolls=3861 list=229/237 us timed=1000 late=0 stale=0
load program=8 lines=12 mixed=0 avg=40.1% max=40.4% | input=0.3 predelay=0.5 taps=1.7 early=2.1 linemix=2.1 linedelay=5.3 linediff=15.2 linefilt=3.5 out=1.8 ctrl=0.1 param=0.0 clip=1.5 stage=4.9 wait=0.0 other=0.3 | mix=616 decay=815 tone=973 freeze=0 updates=0 overloads=0 blocks=1000/1000
controls pots=1000 616 814 973 cv1=1(raw 999) cv2=1(raw 999)
staging copies=249 failures=0 stack_free=16580 mdma_lists=268312 mdma_errors=0 mdma_status=0x0 mdma_maxpolls=3861 list=229/236 us timed=1000 late=0 stale=0
load program=8 lines=12 mixed=0 avg=40.1% max=40.4% | input=0.3 predelay=0.5 taps=1.7 early=2.1 linemix=2.1 linedelay=5.3 linediff=15.2 linefilt=3.5 out=1.8 ctrl=0.1 param=0.0 clip=1.5 stage=4.9 wait=0.0 other=0.3 | mix=616 decay=815 tone=973 freeze=0 updates=0 overloads=0 blocks=1000/1000
controls pots=1000 616 814 973 cv1=1(raw 999) cv2=1(raw 999)
staging copies=251 failures=0 stack_free=16580 mdma_lists=269312 mdma_errors=0 mdma_status=0x0 mdma_maxpolls=3861 list=229/236 us timed=1000 late=0 stale=0
load program=8 lines=12 mixed=0 avg=40.1% max=40.4% | input=0.3 predelay=0.5 taps=1.7 early=2.1 linemix=2.1 linedelay=5.3 linediff=15.2 linefilt=3.5 out=1.8 ctrl=0.1 param=0.0 clip=1.5 stage=4.9 wait=0.0 other=0.3 | mix=616 decay=815 tone=973 freeze=0 updates=0 overloads=0 blocks=1000/1000
controls pots=1000 616 814 973 cv1=1(raw 999) cv2=1(raw 999)
staging copies=259 failures=0 stack_free=16580 mdma_lists=270312 mdma_errors=0 mdma_status=0x0 mdma_maxpolls=3861 list=229/237 us timed=1000 late=0 stale=0
load program=8 lines=12 mixed=0 avg=40.1% max=40.4% | input=0.3 predelay=0.5 taps=1.7 early=2.1 linemix=2.1 linedelay=5.3 linediff=15.2 linefilt=3.5 out=1.8 ctrl=0.1 param=0.0 clip=1.5 stage=4.9 wait=0.0 other=0.3 | mix=616 decay=815 tone=973 freeze=0 updates=0 overloads=0 blocks=1000/1000
controls pots=1000 616 814 973 cv1=1(raw 999) cv2=1(raw 999)
staging copies=250 failures=0 stack_free=16580 mdma_lists=271312 mdma_errors=0 mdma_status=0x0 mdma_maxpolls=3861 list=229/236 us timed=1000 late=0 stale=0
load program=8 lines=12 mixed=0 avg=40.1% max=40.4% | input=0.3 predelay=0.5 taps=1.7 early=2.1 linemix=2.1 linedelay=5.3 linediff=15.2 linefilt=3.5 out=1.8 ctrl=0.1 param=0.0 clip=1.5 stage=4.9 wait=0.0 other=0.3 | mix=616 decay=815 tone=973 freeze=0 updates=0 overloads=0 blocks=1000/1000
controls pots=1000 616 814 973 cv1=1(raw 999) cv2=1(raw 999)
staging copies=260 failures=0 stack_free=16580 mdma_lists=272312 mdma_errors=0 mdma_status=0x0 mdma_maxpolls=3861 list=229/237 us timed=1000 late=0 stale=0
load program=8 lines=12 mixed=0 avg=40.1% max=40.4% | input=0.3 predelay=0.5 taps=1.7 early=2.1 linemix=2.1 linedelay=5.3 linediff=15.2 linefilt=3.5 out=1.8 ctrl=0.1 param=0.0 clip=1.5 stage=4.9 wait=0.0 other=0.3 | mix=616 decay=815 tone=973 freeze=0 updates=0 overloads=0 blocks=1000/1000
controls pots=1000 616 814 973 cv1=1(raw 999) cv2=1(raw 999)
staging copies=252 failures=0 stack_free=16580 mdma_lists=273312 mdma_errors=0 mdma_status=0x0 mdma_maxpolls=3861 list=229/236 us timed=1000 late=0 stale=0
