 input=0.1 predelay=0.7 taps=1.9 early=3.2 linemix=0.6 linedelay=1.4 linediff=6.2 linefilt=0.0 out=0.8 ctrl=0.1 param=0.0 clip$$ input=0.6 predelay=0.7 taps=1.9 early=3.2 linemix=0.6 linedelay=1.4 linediff=6.2 linefilt=1.0 out=0.8 ctrl=0.1 param=0.0 clip=1.5 stage=2.6 wait=0.0 other=0.3 | mix=790 decay=545 tone=437 freeze=0 updates=0 overloads=0 blocks=1000/1000
controls pots=0 790 545 437 cv1=1(raw 999) cv2=1(raw 999)
staging copies=131 failures=0 stack_free=17792 mdma_lists=53001 mdma_errors=0 mdma_status=0x0 mdma_maxpolls=605 list=98/98 us timed=1000
load program=0 lines=3 mixed=0 avg=21.5% max=21.7% | input=0.6 predelay=0.7 taps=1.9 early=3.2 linemix=0.6 linedelay=1.4 linediff=6.2 linefilt=1.0 out=0.8 ctrl=0.1 param=0.0 clip=1.5 stage=2.6 wait=0.0 other=0.3 | mix=790 decay=545 tone=437 freeze=0 updates=0 overloads=0 blocks=1000/1000
controls pots=0 790 545 437 cv1=1(raw 999) cv2=1(raw 999)
staging copies=128 failures=0 stack_free=17792 mdma_lists=54001 mdma_errors=0 mdma_status=0x0 mdma_maxpolls=605 list=98/98 us timed=1000
load program=0 lines=3 mixed=0 avg=21.5% max=21.7% | input=0.6 predelay=0.7 taps=1.9 early=3.2 linemix=0.6 linedelay=1.4 linediff=6.2 linefilt=1.0 out=0.8 ctrl=0.1 param=0.0 clip=1.5 stage=2.6 wait=0.0 other=0.3 | mix=790 decay=546 tone=437 freeze=0 updates=0 overloads=0 blocks=1000/1000
controls pots=0 790 545 437 cv1=1(raw 999) cv2=1(raw 999)
staging copies=126 failures=0 stack_free=17792 mdma_lists=55001 mdma_errors=0 mdma_status=0x0 mdma_maxpolls=605 list=98/98 us timed=1000
load program=0 lines=3 mixed=0 avg=21.5% max=21.7% | input=0.6 predelay=0.7 taps=1.9 early=3.2 linemix=0.6 linedelay=1.4 linediff=6.2 linefilt=1.0 out=0.8 ctrl=0.1 param=0.0 clip=1.5 stage=2.6 wait=0.0 other=0.3 | mix=790 decay=545 tone=437 freeze=0 updates=0 overloads=0 blocks=1000/1000
controls pots=0 790 545 437 cv1=1(raw 999) cv2=1(raw 999)
staging copies=129 failures=0 stack_free=17792 mdma_lists=56001 mdma_errors=0 mdma_status=0x0 mdma_maxpolls=605 list=98/98 us timed=1000
load program=0 lines=3 mixed=0 avg=21.5% max=21.7% | input=0.6 predelay=0.7 taps=1.9 early=3.2 linemix=0.6 linedelay=1.4 linediff=6.2 linefilt=1.0 out=0.8 ctrl=0.1 param=0.0 clip=1.5 stage=2.6 wait=0.0 other=0.3 | mix=790 decay=545 tone=437 freeze=0 updates=0 overloads=0 blocks=1000/1000
controls pots=0 790 545 437 cv1=1(raw 999) cv2=1(raw 999)
staging copies=128 failures=0 stack_free=17792 mdma_lists=57001 mdma_errors=0 mdma_status=0x0 mdma_maxpolls=605 list=98/98 us timed=1000
load program=0 lines=3 mixed=0 avg=21.5% max=21.7% | input=0.6 predelay=0.7 taps=1.9 early=3.2 linemix=0.6 linedelay=1.4 linediff=6.2 linefilt=1.0 out=0.8 ctrl=0.1 param=0.0 clip=1.5 stage=2.6 wait=0.0 other=0.3 | mix=790 decay=545 tone=437 freeze=0 updates=0 overloads=0 blocks=1000/1000
controls pots=0 790 545 437 cv1=1(raw 999) cv2=1(raw 999)
staging copies=131 failures=0 stack_free=17792 mdma_lists=58001 mdma_errors=0 mdma_status=0x0 mdma_maxpolls=605 list=98/98 us timed=1000
load program=0 lines=3 mixed=0 avg=21.5% max=21.7% | input=0.6 predelay=0.7 taps=1.9 early=3.2 linemix=0.6 linedelay=1.4 linediff=6.2 linefilt=1.0 out=0.8 ctrl=0.1 param=0.0 clip=1.5 stage=2.6 wait=0.0 other=0.3 | mix=790 decay=545 tone=437 freeze=0 updates=0 overloads=0 blocks=1000/1000
controls pots=0 790 545 437 cv1=1(raw 999) cv2=1(raw 999)
staging copies=126 failures=0 stack_free=17792 mdma_lists=59001 mdma_errors=0 mdma_status=0x0 mdma_maxpolls=605 list=98/98 us timed=1000
load program=0 lines=3 mixed=0 avg=21.5% max=21.7% | input=0.6 predelay=0.7 taps=1.9 early=3.2 linemix=0.6 linedelay=1.4 linediff=6.2 linefilt=1.0 out=0.8 ctrl=0.1 param=0.0 clip=1.5 stage=2.6 wait=0.0 other=0.3 | mix=790 decay=545 tone=437 freeze=0 updates=0 overloads=0 blocks=1000/1000
controls pots=113 790 545 437 cv1=1(raw 999) cv2=1(raw 999)
staging copies=127 failures=0 stack_free=17792 mdma_lists=60001 mdma_errors=0 mdma_status=0x0 mdma_maxpolls=605 list=98/99 us timed=1000
program 1 "Medium Space" lines=3 limit=3 early=7 late=5 taps=26 predelay=0
  mod=eld interp=1 filters=-lL-c latetap=1 streams=83 sdram=0 placed=416+0KB unplaced=0 clock=480MHz
  staging=mdma sets=1 staged=52 unstaged=2 taps=50 copies<=252 tcm=30/87KB itcm=ok
load program=0 lines=3 mixed=1 avg=25.1% max=27.5% | input=0.6 predelay=0.7 taps=2.2 early=3.5 linemix=0.5 linedelay=1.3 linediff=7.2 linefilt=2.0 out=0.7 ctrl=0.1 param=0.0 clip=1.4 stage=2.9 wait=0.0 other=0.3 | mix=790 decay=546 tone=437 freeze=0 updates=2 overloads=0 blocks=958/1000
controls pots=193 790 545 437 cv1=1(raw 999) cv2=1(raw 999)
staging copies=157 failures=0 stack_free=17776 mdma_lists=60960 mdma_errors=0 mdma_status=0x0 mdma_maxpolls=738 list=114/118 us timed=959
load program=1 lines=3 mixed=0 avg=25.7% max=25.8% | input=0.6 predelay=0.7 taps=2.4 early=3.7 linemix=0.6 linedelay=1.4 linediff=7.7 linefilt=2.2 out=0.8 ctrl=0.1 param=0.0 clip=1.5 stage=3.1 wait=0.0 other=0.3 | mix=790 decay=546 tone=437 freeze=0 updates=0 overloads=0 blocks=1000/1000
controls pots=193 790 545 437 cv1=1(raw 999) cv2=1(raw 999)
staging copies=156 failures=0 stack_free=17776 mdma_lists=61960 mdma_errors=0 mdma_status=0x0 mdma_maxpolls=738 list=117/118 us timed=1000
load program=1 lines=3 mixed=0 avg=25.7% max=25.8% | input=0.6 predelay=0.7 taps=2.4 early=3.7 linemix=0.6 linedelay=1.4 linediff=7.7 linefilt=2.2 out=0.8 ctrl=0.1 param=0.0 clip=1.5 stage=3.1 wait=0.0 other=0.3 | mix=790 decay=546 tone=437 freeze=0 updates=0 overloads=0 blocks=1000/1000
controls pots=165 790 545 437 cv1=1(raw 999) cv2=1(raw 999)
staging copies=152 failures=0 stack_free=17776 mdma_lists=62960 mdma_errors=0 mdma_status=0x0 mdma_maxpolls=738 list=117/118 us timed=1000
program 0 "Small Room" lines=3 limit=3 early=6 late=4 taps=21 predelay=0
  mod=eld interp=1 filters=-l--c latetap=1 streams=70 sdram=0 placed=290+0KB unplaced=0 clock=480MHz
  staging=mdma sets=1 staged=44 unstaged=2 taps=40 copies<=208 tcm=24/87KB itcm=ok
load program=1 lines=3 mixed=1 avg=23.4% max=26.0% | input=0.6 predelay=0.7 taps=2.0 early=3.3 linemix=0.5 linedelay=1.3 linediff=6.6 linefilt=1.5 out=0.7 ctrl=0.1 param=0.0 clip=1.4 stage=2.7 wait=0.0 other=0.3 | mix=790 decay=546 tone=437 freeze=0 updates=2 overloads=0 blocks=957/1000
controls pots=0 790 545 437 cv1=1(raw 999) cv2=1(raw 999)
staging copies=129 failures=0 stack_free=16644 mdma_lists=63918 mdma_errors=0 mdma_status=0x0 mdma_maxpolls=738 list=106/118 us timed=958
load program=0 lines=3 mixed=0 avg=21.5% max=21.7% | input=0.6 predelay=0.7 taps=1.9 early=3.2 linemix=0.6 linedelay=1.4 linediff=6.2 linefilt=1.0 out=0.8 ctrl=0.1 param=0.0 clip=1.5 stage=2.6 wait=0.0 other=0.3 | mix=790 decay=545 tone=437 freeze=0 updates=0 overloads=0 blocks=1000/1000
controls pots=0 790 545 437 cv1=1(raw 999) cv2=1(raw 999)
staging copies=127 failures=0 stack_free=16644 mdma_lists=64918 mdma_errors=0 mdma_status=0x0 mdma_maxpolls=738 list=98/98 us timed=1000
load program=0 lines=3 mixed=0 avg=21.5% max=21.7% | input=0.6 predelay=0.7 taps=1.9 early=3.2 linemix=0.6 linedelay=1.4 linediff=6.2 linefilt=1.0 out=0.8 ctrl=0.1 param=0.0 clip=1.5 stage=2.6 wait=0.0 other=0.3 | mix=790 decay=546 tone=437 freeze=0 updates=0 overloads=0 blocks=1000/1000
controls pots=0 790 545 437 cv1=1(raw 999) cv2=1(raw 999)
staging copies=133 failures=0 stack_free=16644 mdma_lists=65918 mdma_errors=0 mdma_status=0x0 mdma_maxpolls=738 list=98/98 us timed=1000
load program=0 lines=3 mixed=0 avg=21.5% max=21.8% | input=0.6 predelay=0.7 taps=1.9 early=3.2 linemix=0.6 linedelay=1.4 linediff=6.2 linefilt=1.0 out=0.8 ctrl=0.1 param=0.0 clip=1.5 stage=2.6 wait=0.0 other=0.3 | mix=790 decay=545 tone=448 freeze=0 updates=10 overloads=0 blocks=1000/1000
controls pots=0 790 545 448 cv1=1(raw 999) cv2=1(raw 999)
staging copies=140 failures=0 stack_free=16644 mdma_lists=66918 mdma_errors=0 mdma_status=0x0 mdma_maxpolls=738 list=98/98 us timed=1000
load program=0 lines=3 mixed=0 avg=21.5% max=21.7% | input=0.6 predelay=0.7 taps=1.9 early=3.2 linemix=0.6 linedelay=1.4 linediff=6.2 linefilt=1.0 out=0.8 ctrl=0.1 param=0.0 clip=1.5 stage=2.6 wait=0.0 other=0.3 | mix=790 decay=545 tone=448 freeze=0 updates=0 overloads=0 blocks=1000/1000
controls pots=0 790 545 448 cv1=1(raw 999) cv2=1(raw 999)
staging copies=131 failures=0 stack_free=16644 mdma_lists=67918 mdma_errors=0 mdma_status=0x0 mdma_maxpolls=738 list=98/99 us timed=1000
load program=0 lines=3 mixed=0 avg=21.6% max=22.8% | input=0.6 predelay=0.7 taps=1.9 early=3.2 linemix=0.6 linedelay=1.4 linediff=6.2 linefilt=1.0 out=0.8 ctrl=0.1 param=0.1 clip=1.5 stage=2.6 wait=0.0 other=0.3 | mix=790 decay=658 tone=448 freeze=0 updates=99 overloads=0 blocks=1000/1000
controls pots=0 790 657 448 cv1=1(raw 999) cv2=1(raw 999)
staging copies=128 failures=0 stack_free=16644 mdma_lists=68918 mdma_errors=0 mdma_status=0x0 mdma_maxpolls=738 list=98/98 us timed=1000
load program=0 lines=3 mixed=0 avg=21.6% max=22.8% | input=0.6 predelay=0.7 taps=1.9 early=3.2 linemix=0.6 linedelay=1.4 linediff=6.2 linefilt=1.0 out=0.8 ctrl=0.1 param=0.1 clip=1.5 stage=2.6 wait=0.0 other=0.3 | mix=790 decay=813 tone=448 freeze=0 updates=141 overloads=0 blocks=1000/1000
controls pots=0 790 812 448 cv1=1(raw 999) cv2=1(raw 999)
staging copies=128 failures=0 stack_free=16644 mdma_lists=69918 mdma_errors=0 mdma_status=0x0 mdma_maxpolls=738 list=98/98 us timed=1000
load program=0 lines=3 mixed=0 avg=21.6% max=22.9% | input=0.6 predelay=0.7 taps=1.9 early=3.2 linemix=0.6 linedelay=1.4 linediff=6.2 linefilt=1.0 out=0.8 ctrl=0.1 param=0.1 clip=1.5 stage=2.6 wait=0.0 other=0.3 | mix=790 decay=923 tone=448 freeze=0 updates=103 overloads=0 blocks=1000/1000
controls pots=0 790 922 448 cv1=1(raw 999) cv2=1(raw 999)
staging copies=128 failures=0 stack_free=16644 mdma_lists=70918 mdma_errors=0 mdma_status=0x0 mdma_maxpolls=738 list=98/98 us timed=1000
load program=0 lines=3 mixed=0 avg=21.5% max=22.7% | input=0.6 predelay=0.7 taps=1.9 early=3.2 linemix=0.6 linedelay=1.4 linediff=6.2 linefilt=1.0 out=0.8 ctrl=0.1 param=0.1 clip=1.5 stage=2.6 wait=0.0 other=0.3 | mix=790 decay=1000 tone=448 freeze=0 updates=72 overloads=0 blocks=1000/1000
controls pots=0 790 1000 448 cv1=1(raw 999) cv2=1(raw 999)
staging copies=131 failures=0 stack_free=16644 mdma_lists=71918 mdma_errors=0 mdma_status=0x0 mdma_maxpolls=738 list=98/98 us timed=1000
load program=0 lines=3 mixed=0 avg=21.5% max=21.7% | input=0.6 predelay=0.7 taps=1.9 early=3.2 linemix=0.6 linedelay=1.4 linediff=6.2 linefilt=1.0 out=0.8 ctrl=0.1 param=0.0 clip=1.5 stage=2.6 wait=0.0 other=0.3 | mix=790 decay=1000 tone=448 freeze=0 updates=0 overloads=0 blocks=1000/1000
controls pots=0 790 1000 448 cv1=1(raw 999) cv2=1(raw 999)
staging copies=132 failures=0 stack_free=16644 mdma_lists=72918 mdma_errors=0 mdma_status=0x0 mdma_maxpolls=738 list=98/99 us timed=1000
load program=0 lines=3 mixed=0 avg=21.5% max=21.7% | input=0.6 predelay=0.7 taps=1.9 early=3.2 linemix=0.6 linedelay=1.4 linediff=6.2 linefilt=1.0 out=0.8 ctrl=0.1 param=0.0 clip=1.5 stage=2.6 wait=0.0 other=0.3 | mix=790 decay=1000 tone=448 freeze=0 updates=0 overloads=0 blocks=1000/1000
controls pots=0 790 1000 448 cv1=1(raw 999) cv2=1(raw 999)
staging copies=136 failures=0 stack_free=16644 mdma_lists=73918 mdma_errors=0 mdma_status=0x0 mdma_maxpolls=738 list=98/98 us timed=1000
load program=0 lines=3 mixed=0 avg=21.5% max=21.9% | input=0.6 predelay=0.7 taps=1.9 early=3.2 linemix=0.6 linedelay=1.4 linediff=6.2 linefilt=1.0 out=0.8 ctrl=0.1 param=0.0 clip=1.5 stage=2.6 wait=0.0 other=0.3 | mix=790 decay=1000 tone=596 freeze=0 updates=135 overloads=0 blocks=1000/1000
controls pots=0 790 1000 596 cv1=1(raw 999) cv2=1(raw 999)
staging copies=130 failures=0 stack_free=16644 mdma_lists=74918 mdma_errors=0 mdma_status=0x0 mdma_maxpolls=738 list=98/98 us timed=1000
load program=0 lines=3 mixed=0 avg=21.5% max=21.9% | input=0.6 predelay=0.7 taps=1.9 early=3.2 linemix=0.6 linedelay=1.4 linediff=6.2 linefilt=1.0 out=0.8 ctrl=0.1 param=0.0 clip=1.5 stage=2.6 wait=0.0 other=0.3 | mix=790 decay=1000 tone=774 freeze=0 updates=160 overloads=0 blocks=1000/1000
controls pots=0 790 1000 774 cv1=1(raw 999) cv2=1(raw 999)
staging copies=132 failures=0 stack_free=16644 mdma_lists=75918 mdma_errors=0 mdma_status=0x0 mdma_maxpolls=738 list=98/98 us timed=1000
load program=0 lines=3 mixed=0 avg=21.5% max=21.9% | input=0.6 predelay=0.7 taps=1.9 early=3.2 linemix=0.6 linedelay=1.4 linediff=6.2 linefilt=1.0 out=0.8 ctrl=0.1 param=0.0 clip=1.5 stage=2.6 wait=0.0 other=0.3 | mix=790 decay=1000 tone=981 freeze=0 updates=186 overloads=0 blocks=1000/1000
controls pots=0 790 1000 981 cv1=1(raw 999) cv2=1(raw 999)
staging copies=130 failures=0 stack_free=16644 mdma_lists=76918 mdma_errors=0 mdma_status=0x0 mdma_maxpolls=738 list=98/98 us timed=1000
load program=0 lines=3 mixed=0 avg=21.5% max=21.9% | input=0.6 predelay=0.7 taps=1.9 early=3.2 linemix=0.6 linedelay=1.4 linediff=6.2 linefilt=1.0 out=0.8 ctrl=0.1 param=0.0 clip=1.5 stage=2.6 wait=0.0 other=0.3 | mix=790 decay=1000 tone=1000 freeze=0 updates=17 overloads=0 blocks=1000/1000
controls pots=0 790 1000 1000 cv1=1(raw 999) cv2=1(raw 999)
staging copies=127 failures=0 stack_free=16644 mdma_lists=77918 mdma_errors=0 mdma_status=0x0 mdma_maxpolls=738 list=98/98 us timed=1000
load program=0 lines=3 mixed=0 avg=21.5% max=21.7% | input=0.6 predelay=0.7 taps=1.9 early=3.2 linemix=0.6 linedelay=1.4 linediff=6.2 linefilt=1.0 out=0.8 ctrl=0.1 param=0.0 clip=1.5 stage=2.6 wait=0.0 other=0.3 | mix=790 decay=1000 tone=1000 freeze=0 updates=0 overloads=0 blocks=1000/1000
controls pots=0 790 1000 1000 cv1=1(raw 999) cv2=1(raw 999)
staging copies=128 failures=0 stack_free=16644 mdma_lists=78918 mdma_errors=0 mdma_status=0x0 mdma_maxpolls=738 list=98/98 us timed=1000
load program=0 lines=3 mixed=0 avg=21.7% max=22.8% | input=0.6 predelay=0.7 taps=1.9 early=3.2 linemix=0.6 linedelay=1.4 linediff=6.2 linefilt=1.0 out=0.8 ctrl=0.1 param=0.2 clip=1.5 stage=2.6 wait=0.0 other=0.3 | mix=790 decay=711 tone=1000 freeze=0 updates=193 overloads=0 blocks=1000/1000
controls pots=0 790 711 1000 cv1=1(raw 999) cv2=1(raw 999)
staging copies=131 failures=0 stack_free=16644 mdma_lists=79918 mdma_errors=0 mdma_status=0x0 mdma_maxpolls=738 list=98/98 us timed=1000
load program=0 lines=3 mixed=0 avg=21.7% max=22.9% | input=0.6 predelay=0.7 taps=1.9 early=3.2 linemix=0.6 linedelay=1.4 linediff=6.2 linefilt=1.0 out=0.8 ctrl=0.1 param=0.2 clip=1.5 stage=2.6 wait=0.0 other=0.3 | mix=790 decay=487 tone=1000 freeze=0 updates=189 overloads=0 blocks=1000/1000
controls pots=0 790 486 1000 cv1=1(raw 999) cv2=1(raw 999)
staging copies=132 failures=0 stack_free=16644 mdma_lists=80918 mdma_errors=0 mdma_status=0x0 mdma_maxpolls=738 list=98/99 us timed=1000
load program=0 lines=3 mixed=0 avg=21.5% max=21.9% | input=0.6 predelay=0.7 taps=1.9 early=3.2 linemix=0.6 linedelay=1.4 linediff=6.2 linefilt=1.0 out=0.8 ctrl=0.1 param=0.0 clip=1.5 stage=2.6 wait=0.0 other=0.3 | mix=790 decay=487 tone=851 freeze=0 updates=115 overloads=0 blocks=1000/1000
controls pots=0 790 486 851 cv1=1(raw 999) cv2=1(raw 999)
staging copies=134 failures=0 stack_free=16644 mdma_lists=81918 mdma_errors=0 mdma_status=0x0 mdma_maxpolls=738 list=98/98 us timed=1000
load program=0 lines=3 mixed=0 avg=21.5% max=22.0% | input=0.6 predelay=0.7 taps=1.9 early=3.2 linemix=0.6 linedelay=1.4 linediff=6.2 linefilt=1.0 out=0.8 ctrl=0.1 param=0.0 clip=1.5 stage=2.6 wait=0.0 other=0.3 | mix=790 decay=487 tone=546 freeze=0 updates=261 overloads=0 blocks=1000/1000
controls pots=0 790 486 546 cv1=1(raw 999) cv2=1(raw 999)
staging copies=130 failures=0 stack_free=16644 mdma_lists=82918 mdma_errors=0 mdma_status=0x0 mdma_maxpolls=738 list=98/98 us timed=1000
load program=0 lines=3 mixed=0 avg=21.5% max=21.8% | input=0.6 predelay=0.7 taps=1.9 early=3.2 linemix=0.6 linedelay=1.4 linediff=6.2 linefilt=1.0 out=0.8 ctrl=0.1 param=0.0 clip=1.5 stage=2.6 wait=0.0 other=0.3 | mix=790 decay=487 tone=506 freeze=0 updates=37 overloads=0 blocks=1000/1000
controls pots=0 790 486 506 cv1=1(raw 999) cv2=1(raw 999)
staging copies=130 failures=0 stack_free=16644 mdma_lists=83918 mdma_errors=0 mdma_status=0x0 mdma_maxpolls=738 list=98/98 us timed=1000
program 1 "Medium Space" lines=3 limit=3 early=7 late=5 taps=26 predelay=0
  mod=eld interp=1 filters=-lL-c latetap=1 streams=83 sdram=0 placed=416+0KB unplaced=0 clock=480MHz
  staging=mdma sets=1 staged=52 unstaged=2 taps=50 copies<=252 tcm=30/87KB itcm=ok
load program=0 lines=3 mixed=1 avg=21.5% max=21.7% | input=0.6 predelay=0.7 taps=1.9 early=3.1 linemix=0.6 linedelay=1.3 linediff=6.1 linefilt=1.0 out=0.8 ctrl=0.1 param=0.0 clip=1.4 stage=2.6 wait=0.0 other=0.3 | mix=790 decay=487 tone=506 freeze=0 updates=0 overloads=0 blocks=990/1000
controls pots=143 790 486 506 cv1=1(raw 999) cv2=1(raw 999)
staging copies=130 failures=0 stack_free=16644 mdma_lists=84908 mdma_errors=0 mdma_status=0x0 mdma_maxpolls=738 list=98/98 us timed=991
load program=-1 lines=0 mixed=1 avg=25.7% max=27.7% | input=0.6 predelay=0.7 taps=2.3 early=3.6 linemix=0.5 linedelay=1.3 linediff=7.5 linefilt=2.2 out=0.7 ctrl=0.1 param=0.0 clip=1.4 stage=3.0 wait=0.0 other=0.3 | mix=790 decay=487 tone=506 freeze=0 updates=2 overloads=0 blocks=967/1000
controls pots=176 790 486 506 cv1=1(raw 999) cv2=1(raw 999)
staging copies=158 failures=0 stack_free=16644 mdma_lists=85876 mdma_errors=0 mdma_status=0x0 mdma_maxpolls=738 list=117/118 us timed=967
load program=1 lines=3 mixed=0 avg=25.7% max=25.9% | input=0.6 predelay=0.7 taps=2.4 early=3.7 linemix=0.6 linedelay=1.4 linediff=7.7 linefilt=2.2 out=0.8 ctrl=0.1 param=0.0 clip=1.5 stage=3.1 wait=0.0 other=0.3 | mix=790 decay=487 tone=506 freeze=0 updates=0 overloads=0 blocks=1000/1000
controls pots=176 790 486 506 cv1=1(raw 999) cv2=1(raw 999)
staging copies=155 failures=0 stack_free=16644 mdma_lists=86876 mdma_errors=0 mdma_status=0x0 mdma_maxpolls=738 list=117/118 us timed=1000
load program=1 lines=3 mixed=0 avg=25.7% max=26.9% | input=0.6 predelay=0.7 taps=2.4 early=3.7 linemix=0.6 linedelay=1.4 linediff=7.7 linefilt=2.2 out=0.8 ctrl=0.1 param=0.0 clip=1.5 stage=3.1 wait=0.0 other=0.3 | mix=790 decay=509 tone=506 freeze=0 updates=21 overloads=0 blocks=1000/1000
controls pots=176 790 508 506 cv1=1(raw 999) cv2=1(raw 999)
staging copies=157 failures=0 stack_free=16644 mdma_lists=87876 mdma_errors=0 mdma_status=0x0 mdma_maxpolls=738 list=117/118 us timed=1000
load program=1 lines=3 mixed=0 avg=25.8% max=27.0% | input=0.6 predelay=0.7 taps=2.4 early=3.7 linemix=0.6 linedelay=1.4 linediff=7.7 linefilt=2.2 out=0.8 ctrl=0.1 param=0.1 clip=1.5 stage=3.1 wait=0.0 other=0.3 | mix=790 decay=632 tone=506 freeze=0 updates=114 overloads=0 blocks=1000/1000
controls pots=176 790 631 506 cv1=1(raw 999) cv2=1(raw 999)
staging copies=157 failures=0 stack_free=16644 mdma_lists=88876 mdma_errors=0 mdma_status=0x0 mdma_maxpolls=738 list=117/118 us timed=1000
load program=1 lines=3 mixed=0 avg=25.8% max=27.0% | input=0.6 predelay=0.7 taps=2.4 early=3.7 linemix=0.6 linedelay=1.4 linediff=7.7 linefilt=2.2 out=0.8 ctrl=0.1 param=0.1 clip=1.5 stage=3.1 wait=0.0 other=0.3 | mix=790 decay=731 tone=506 freeze=0 updates=93 overloads=0 blocks=1000/1000
controls pots=176 790 730 506 cv1=1(raw 999) cv2=1(raw 999)
staging copies=159 failures=0 stack_free=16644 mdma_lists=89876 mdma_errors=0 mdma_status=0x0 mdma_maxpolls=738 list=117/118 us timed=1000
load program=1 lines=3 mixed=0 avg=25.8% max=27.0% | input=0.6 predelay=0.7 taps=2.4 early=3.7 linemix=0.6 linedelay=1.4 linediff=7.7 linefilt=2.2 out=0.8 ctrl=0.1 param=0.1 clip=1.5 stage=3.1 wait=0.0 other=0.3 | mix=790 decay=861 tone=506 freeze=0 updates=120 overloads=0 blocks=1000/1000
controls pots=176 790 860 506 cv1=1(raw 999) cv2=1(raw 999)
staging copies=152 failures=0 stack_free=16644 mdma_lists=90876 mdma_errors=0 mdma_status=0x0 mdma_maxpolls=738 list=117/118 us timed=1000
load program=1 lines=3 mixed=0 avg=25.8% max=27.1% | input=0.6 predelay=0.7 taps=2.4 early=3.7 linemix=0.6 linedelay=1.4 linediff=7.7 linefilt=2.2 out=0.8 ctrl=0.1 param=0.1 clip=1.5 stage=3.1 wait=0.0 other=0.3 | mix=790 decay=1000 tone=506 freeze=0 updates=128 overloads=0 blocks=1000/1000
controls pots=176 790 1000 506 cv1=1(raw 999) cv2=1(raw 999)
staging copies=154 failures=0 stack_free=16644 mdma_lists=91876 mdma_errors=0 mdma_status=0x0 mdma_maxpolls=738 list=117/118 us timed=1000
load program=1 lines=3 mixed=0 avg=25.7% max=25.9% | input=0.6 predelay=0.7 taps=2.4 early=3.7 linemix=0.6 linedelay=1.4 linediff=7.7 linefilt=2.2 out=0.8 ctrl=0.1 param=0.0 clip=1.5 stage=3.1 wait=0.0 other=0.3 | mix=790 decay=1000 tone=506 freeze=0 updates=0 overloads=0 blocks=1000/1000
controls pots=176 790 1000 506 cv1=1(raw 999) cv2=1(raw 999)
staging copies=159 failures=0 stack_free=16644 mdma_lists=92876 mdma_errors=0 mdma_status=0x0 mdma_maxpolls=738 list=117/118 us timed=1000
load program=1 lines=3 mixed=0 avg=25.7% max=26.1% | input=0.6 predelay=0.7 taps=2.4 early=3.7 linemix=0.6 linedelay=1.4 linediff=7.7 linefilt=2.2 out=0.8 ctrl=0.1 param=0.0 clip=1.5 stage=3.1 wait=0.0 other=0.3 | mix=790 decay=1000 tone=601 freeze=0 updates=85 overloads=0 blocks=1000/1000
controls pots=176 790 1000 601 cv1=1(raw 999) cv2=1(raw 999)
staging copies=157 failures=0 stack_free=16644 mdma_lists=93876 mdma_errors=0 mdma_status=0x0 mdma_maxpolls=738 list=117/118 us timed=1000
load program=1 lines=3 mixed=0 avg=25.7% max=26.1% | input=0.6 predelay=0.7 taps=2.4 early=3.7 linemix=0.6 linedelay=1.4 linediff=7.7 linefilt=2.2 out=0.8 ctrl=0.1 param=0.0 clip=1.5 stage=3.1 wait=0.0 other=0.3 | mix=790 decay=1000 tone=753 freeze=0 updates=139 overloads=0 blocks=1000/1000
controls pots=176 790 1000 753 cv1=1(raw 999) cv2=1(raw 999)
staging copies=156 failures=0 stack_free=16644 mdma_lists=94876 mdma_errors=0 mdma_status=0x0 mdma_maxpolls=738 list=117/118 us timed=1000
load program=1 lines=3 mixed=0 avg=25.7% max=26.2% | input=0.6 predelay=0.7 taps=2.4 early=3.7 linemix=0.6 linedelay=1.4 linediff=7.7 linefilt=2.2 out=0.8 ctrl=0.1 param=0.0 clip=1.5 stage=3.1 wait=0.0 other=0.3 | mix=790 decay=1000 tone=971 freeze=0 updates=194 overloads=0 blocks=1000/1000
controls pots=176 790 1000 971 cv1=1(raw 999) cv2=1(raw 999)
staging copies=155 failures=0 stack_free=16644 mdma_lists=95876 mdma_errors=0 mdma_status=0x0 mdma_maxpolls=738 list=117/118 us timed=1000
load program=1 lines=3 mixed=0 avg=25.7% max=26.1% | input=0.6 predelay=0.7 taps=2.4 early=3.7 linemix=0.6 linedelay=1.4 linediff=7.7 linefilt=2.2 out=0.8 ctrl=0.1 param=0.0 clip=1.5 stage=3.1 wait=0.0 other=0.3 | mix=790 decay=1000 tone=1000 freeze=0 updates=27 overloads=0 blocks=1000/1000
controls pots=176 790 1000 1000 cv1=1(raw 999) cv2=1(raw 999)
staging copies=155 failures=0 stack_free=16644 mdma_lists=96876 mdma_errors=0 mdma_status=0x0 mdma_maxpolls=738 list=117/118 us timed=1000
load program=1 lines=3 mixed=0 avg=25.7% max=25.9% | input=0.6 predelay=0.7 taps=2.4 early=3.7 linemix=0.6 linedelay=1.4 linediff=7.7 linefilt=2.2 out=0.8 ctrl=0.1 param=0.0 clip=1.5 stage=3.1 wait=0.0 other=0.3 | mix=790 decay=1000 tone=1000 freeze=0 updates=0 overloads=0 blocks=1000/1000
controls pots=176 790 1000 1000 cv1=1(raw 999) cv2=1(raw 999)
staging copies=155 failures=0 stack_free=16644 mdma_lists=97876 mdma_errors=0 mdma_status=0x0 mdma_maxpolls=738 list=117/118 us timed=1000
load program=1 lines=3 mixed=0 avg=25.7% max=26.1% | input=0.6 predelay=0.7 taps=2.4 early=3.7 linemix=0.6 linedelay=1.4 linediff=7.7 linefilt=2.2 out=0.8 ctrl=0.1 param=0.0 clip=1.5 stage=3.1 wait=0.0 other=0.3 | mix=790 decay=1000 tone=823 freeze=0 updates=160 overloads=0 blocks=1000/1000
controls pots=176 790 1000 823 cv1=1(raw 999) cv2=1(raw 999)
staging copies=157 failures=0 stack_free=16644 mdma_lists=98876 mdma_errors=0 mdma_status=0x0 mdma_maxpolls=738 list=117/118 us timed=1000
load program=1 lines=3 mixed=0 avg=25.7% max=26.1% | input=0.6 predelay=0.7 taps=2.4 early=3.7 linemix=0.6 linedelay=1.4 linediff=7.7 linefilt=2.2 out=0.8 ctrl=0.1 param=0.0 clip=1.5 stage=3.1 wait=0.0 other=0.3 | mix=790 decay=1000 tone=679 freeze=0 updates=132 overloads=0 blocks=1000/1000
controls pots=176 790 1000 679 cv1=1(raw 999) cv2=1(raw 999)
staging copies=152 failures=0 stack_free=16644 mdma_lists=99876 mdma_errors=0 mdma_status=0x0 mdma_maxpolls=738 list=117/118 us timed=1000
load program=1 lines=3 mixed=0 avg=25.7% max=25.9% | input=0.6 predelay=0.7 taps=2.4 early=3.7 linemix=0.6 linedelay=1.4 linediff=7.7 linefilt=2.2 out=0.8 ctrl=0.1 param=0.0 clip=1.5 stage=3.1 wait=0.0 other=0.3 | mix=790 decay=1000 tone=679 freeze=0 updates=0 overloads=0 blocks=1000/1000
controls pots=176 790 1000 679 cv1=1(raw 999) cv2=1(raw 999)
staging copies=155 failures=0 stack_free=16644 mdma_lists=100876 mdma_errors=0 mdma_status=0x0 mdma_maxpolls=738 list=117/118 us timed=1000
load program=1 lines=3 mixed=0 avg=25.9% max=27.0% | input=0.6 predelay=0.7 taps=2.4 early=3.7 linemix=0.6 linedelay=1.4 linediff=7.7 linefilt=2.2 out=0.8 ctrl=0.1 param=0.2 clip=1.5 stage=3.1 wait=0.0 other=0.3 | mix=790 decay=814 tone=679 freeze=0 updates=168 overloads=0 blocks=1000/1000
controls pots=176 790 813 679 cv1=1(raw 999) cv2=1(raw 999)
staging copies=157 failures=0 stack_free=16644 mdma_lists=101876 mdma_errors=0 mdma_status=0x0 mdma_maxpolls=738 list=117/118 us timed=1000
load program=1 lines=3 mixed=0 avg=25.7% max=27.0% | input=0.6 predelay=0.7 taps=2.4 early=3.7 linemix=0.6 linedelay=1.4 linediff=7.7 linefilt=2.2 out=0.8 ctrl=0.1 param=0.0 clip=1.5 stage=3.1 wait=0.0 other=0.3 | mix=790 decay=749 tone=679 freeze=0 updates=59 overloads=0 blocks=1000/1000
controls pots=176 790 748 679 cv1=1(raw 999) cv2=1(raw 999)
staging copies=154 failures=0 stack_free=16644 mdma_lists=102876 mdma_errors=0 mdma_status=0x0 mdma_maxpolls=738 list=117/118 us timed=1000
program 2 "Noise in the Hallway" lines=8 limit=8 early=3 late=1 taps=1 predelay=0
  mod=--- interp=1 filters=-l-Hc latetap=0 streams=51 sdram=0 placed=402+93KB unplaced=0 clock=480MHz
  staging=mdma sets=1 staged=40 unstaged=2 taps=0 copies<=116 tcm=15/87KB itcm=ok
load program=1 lines=3 mixed=1 avg=25.2% max=25.9% | input=0.6 predelay=0.7 taps=2.1 early=3.3 linemix=0.6 linedelay=1.5 linediff=7.0 linefilt=2.4 out=0.8 ctrl=0.1 param=0.0 clip=1.4 stage=2.9 wait=0.0 other=0.3 | mix=790 decay=749 tone=679 freeze=0 updates=2 overloads=0 blocks=968/1000
controls pots=273 790 748 679 cv1=1(raw 999) cv2=1(raw 999)
staging copies=81 failures=0 stack_free=16644 mdma_lists=103845 mdma_errors=0 mdma_status=0x0 mdma_maxpolls=738 list=112/118 us timed=969
load program=2 lines=8 mixed=0 avg=20.3% max=20.4% | input=0.6 predelay=0.7 taps=0.6 early=0.7 linemix=1.6 linedelay=3.6 linediff=1.8 linefilt=5.4 out=1.3 ctrl=0.1 param=0.0 clip=1.5 stage=1.7 wait=0.0 other=0.3 | mix=790 decay=749 tone=679 freeze=0 updates=0 overloads=0 blocks=1000/1000
controls pots=274 790 748 679 cv1=1(raw 999) cv2=1(raw 999)
staging copies=78 failures=0 stack_free=16644 mdma_lists=104845 mdma_errors=0 mdma_status=0x0 mdma_maxpolls=738 list=63/64 us timed=1000
load program=2 lines=8 mixed=0 avg=20.3% max=21.6% | input=0.6 predelay=0.7 taps=0.6 early=0.7 linemix=1.6 linedelay=3.6 linediff=1.8 linefilt=5.4 out=1.3 ctrl=0.1 param=0.0 clip=1.5 stage=1.7 wait=0.0 other=0.3 | mix=790 decay=759 tone=679 freeze=0 updates=9 overloads=0 blocks=1000/1000
controls pots=274 790 758 679 cv1=1(raw 999) cv2=1(raw 999)
staging copies=81 failures=0 stack_free=16644 mdma_lists=105845 mdma_errors=0 mdma_status=0x0 mdma_maxpolls=738 list=63/64 us timed=1000
load program=2 lines=8 mixed=0 avg=20.4% max=21.7% | input=0.6 predelay=0.7 taps=0.6 early=0.7 linemix=1.6 linedelay=3.6 linediff=1.8 linefilt=5.4 out=1.3 ctrl=0.1 param=0.1 clip=1.5 stage=1.7 wait=0.0 other=0.3 | mix=790 decay=850 tone=679 freeze=0 updates=85 overloads=0 blocks=1000/1000
controls pots=274 790 849 679 cv1=1(raw 999) cv2=1(raw 999)
staging copies=79 failures=0 stack_free=16644 mdma_lists=106845 mdma_errors=0 mdma_status=0x0 mdma_maxpolls=738 list=63/64 us timed=1000
load program=2 lines=8 mixed=0 avg=20.5% max=21.7% | input=0.6 predelay=0.7 taps=0.6 early=0.7 linemix=1.6 linedelay=3.6 linediff=1.8 linefilt=5.4 out=1.3 ctrl=0.1 param=0.1 clip=1.5 stage=1.7 wait=0.0 other=0.3 | mix=790 decay=1000 tone=679 freeze=0 updates=137 overloads=0 blocks=1000/1000
controls pots=274 790 1000 679 cv1=1(raw 999) cv2=1(raw 999)
staging copies=78 failures=0 stack_free=16644 mdma_lists=107845 mdma_errors=0 mdma_status=0x0 mdma_maxpolls=738 list=63/64 us timed=1000
load program=2 lines=8 mixed=0 avg=20.3% max=20.4% | input=0.6 predelay=0.7 taps=0.6 early=0.7 linemix=1.6 linedelay=3.6 linediff=1.8 linefilt=5.4 out=1.3 ctrl=0.1 param=0.0 clip=1.5 stage=1.7 wait=0.0 other=0.3 | mix=790 decay=1000 tone=679 freeze=0 updates=0 overloads=0 blocks=1000/1000
controls pots=274 790 1000 679 cv1=1(raw 999) cv2=1(raw 999)
staging copies=78 failures=0 stack_free=16644 mdma_lists=108845 mdma_errors=0 mdma_status=0x0 mdma_maxpolls=738 list=63/64 us timed=1000
load program=2 lines=8 mixed=0 avg=20.3% max=20.7% | input=0.6 predelay=0.7 taps=0.6 early=0.7 linemix=1.6 linedelay=3.6 linediff=1.8 linefilt=5.4 out=1.3 ctrl=0.1 param=0.0 clip=1.5 stage=1.7 wait=0.0 other=0.3 | mix=790 decay=1000 tone=828 freeze=0 updates=123 overloads=0 blocks=1000/1000
controls pots=274 790 1000 828 cv1=1(raw 999) cv2=1(raw 999)
staging copies=85 failures=0 stack_free=16644 mdma_lists=109845 mdma_errors=0 mdma_status=0x0 mdma_maxpolls=738 list=63/64 us timed=1000
load program=2 lines=8 mixed=0 avg=20.3% max=20.7% | input=0.6 predelay=0.7 taps=0.6 early=0.7 linemix=1.6 linedelay=3.6 linediff=1.8 linefilt=5.4 out=1.3 ctrl=0.1 param=0.0 clip=1.5 stage=1.7 wait=0.0 other=0.3 | mix=790 decay=1000 tone=1000 freeze=0 updates=141 overloads=0 blocks=1000/1000
controls pots=274 790 1000 1000 cv1=1(raw 999) cv2=1(raw 999)
staging copies=78 failures=0 stack_free=16644 mdma_lists=110845 mdma_errors=0 mdma_status=0x0 mdma_maxpolls=738 list=63/64 us timed=1000
load program=2 lines=8 mixed=0 avg=20.3% max=20.4% | input=0.6 predelay=0.7 taps=0.6 early=0.7 linemix=1.6 linedelay=3.6 linediff=1.8 linefilt=5.4 out=1.3 ctrl=0.1 param=0.0 clip=1.5 stage=1.7 wait=0.0 other=0.3 | mix=790 decay=1000 tone=1000 freeze=0 updates=0 overloads=0 blocks=1000/1000
controls pots=274 790 1000 1000 cv1=1(raw 999) cv2=1(raw 999)
staging copies=78 failures=0 stack_free=16644 mdma_lists=111845 mdma_errors=0 mdma_status=0x0 mdma_maxpolls=738 list=63/64 us timed=1000
load program=2 lines=8 mixed=0 avg=20.3% max=20.7% | input=0.6 predelay=0.7 taps=0.6 early=0.7 linemix=1.6 linedelay=3.6 linediff=1.8 linefilt=5.4 out=1.3 ctrl=0.1 param=0.0 clip=1.5 stage=1.7 wait=0.0 other=0.3 | mix=790 decay=1000 tone=940 freeze=0 updates=47 overloads=0 blocks=1000/1000
controls pots=274 790 1000 940 cv1=1(raw 999) cv2=1(raw 999)
staging copies=81 failures=0 stack_free=16644 mdma_lists=112845 mdma_errors=0 mdma_status=0x0 mdma_maxpolls=738 list=63/64 us timed=1000
load program=2 lines=8 mixed=0 avg=20.4% max=20.7% | input=0.6 predelay=0.7 taps=0.6 early=0.7 linemix=1.6 linedelay=3.6 linediff=1.8 linefilt=5.4 out=1.3 ctrl=0.1 param=0.1 clip=1.5 stage=1.7 wait=0.0 other=0.3 | mix=790 decay=1000 tone=507 freeze=0 updates=348 overloads=0 blocks=1000/1000
controls pots=274 790 1000 507 cv1=1(raw 999) cv2=1(raw 999)
staging copies=78 failures=0 stack_free=16644 mdma_lists=113845 mdma_errors=0 mdma_status=0x0 mdma_maxpolls=738 list=63/64 us timed=1000
load program=2 lines=8 mixed=0 avg=20.5% max=21.7% | input=0.6 predelay=0.7 taps=0.6 early=0.7 linemix=1.6 linedelay=3.6 linediff=1.8 linefilt=5.4 out=1.3 ctrl=0.1 param=0.2 clip=1.5 stage=1.7 wait=0.0 other=0.3 | mix=790 decay=728 tone=496 freeze=0 updates=188 overloads=0 blocks=1000/1000
controls pots=274 790 727 496 cv1=1(raw 999) cv2=1(raw 999)
staging copies=78 failures=0 stack_free=16644 mdma_lists=114845 mdma_errors=0 mdma_status=0x0 mdma_maxpolls=738 list=63/64 us timed=1000
load program=2 lines=8 mixed=0 avg=20.5% max=21.7% | input=0.6 predelay=0.7 taps=0.6 early=0.7 linemix=1.6 linedelay=3.6 linediff=1.8 linefilt=5.4 out=1.3 ctrl=0.1 param=0.1 clip=1.5 stage=1.7 wait=0.0 other=0.3 | mix=790 decay=569 tone=496 freeze=0 updates=137 overloads=0 blocks=1000/1000
controls pots=274 790 568 496 cv1=1(raw 999) cv2=1(raw 999)
staging copies=82 failures=0 stack_free=16644 mdma_lists=115845 mdma_errors=0 mdma_status=0x0 mdma_maxpolls=738 list=63/64 us timed=1000
load program=2 lines=8 mixed=0 avg=20.3% max=20.4% | input=0.6 predelay=0.7 taps=0.6 early=0.7 linemix=1.6 linedelay=3.6 linediff=1.8 linefilt=5.4 out=1.3 ctrl=0.1 param=0.0 clip=1.5 stage=1.7 wait=0.0 other=0.3 | mix=790 decay=569 tone=496 freeze=0 updates=0 overloads=0 blocks=1000/1000
controls pots=314 790 568 496 cv1=1(raw 999) cv2=1(raw 999)
staging copies=86 failures=0 stack_free=16644 mdma_lists=116845 mdma_errors=0 mdma_status=0x0 mdma_maxpolls=738 list=63/64 us timed=1000
program 3 "Hyperplane" lines=9 limit=9 early=4 late=8 taps=21 predelay=0
  mod=eld interp=0 filters=hlLHc latetap=1 streams=204 sdram=0 placed=445+117KB unplaced=0 clock=480MHz
  staging=mdma sets=1 staged=172 unstaged=2 taps=40 copies<=592 tcm=76/87KB itcm=ok
load program=2 lines=8 mixed=1 avg=53.4% max=66.5% | input=0.9 predelay=0.7 taps=1.5 early=1.7 linemix=1.7 linedelay=3.9 linediff=24.1 linefilt=8.2 out=1.4 ctrl=0.1 param=0.0 clip=1.4 stage=6.0 wait=0.0 other=0.3 | mix=790 decay=569 tone=496 freeze=0 updates=2 overloads=0 blocks=981/1000
controls pots=385 790 568 496 cv1=1(raw 999) cv2=1(raw 999)
staging copies=412 failures=0 stack_free=16644 mdma_lists=117827 mdma_errors=0 mdma_status=0x0 mdma_maxpolls=1606 list=244/314 us timed=982
load program=3 lines=9 mixed=0 avg=65.8% max=66.5% | input=1.0 predelay=0.7 taps=1.8 early=2.1 linemix=1.8 linedelay=4.1 linediff=33.1 linefilt=9.5 out=1.4 ctrl=0.1 param=0.0 clip=1.5 stage=7.8 wait=0.0 other=0.3 | mix=790 decay=569 tone=496 freeze=0 updates=0 overloads=0 blocks=1000/1000
controls pots=385 790 568 496 cv1=1(raw 999) cv2=1(raw 999)
staging copies=396 failures=0 stack_free=16644 mdma_lists=118827 mdma_errors=0 mdma_status=0x0 mdma_maxpolls=1606 list=312/314 us timed=1000
load program=3 lines=9 mixed=0 avg=66.1% max=67.7% | input=1.0 predelay=0.7 taps=1.8 early=2.1 linemix=1.8 linedelay=4.1 linediff=33.1 linefilt=9.5 out=1.4 ctrl=0.1 param=0.1 clip=1.5 stage=7.8 wait=0.0 other=0.3 | mix=790 decay=735 tone=496 freeze=0 updates=148 overloads=0 blocks=1000/1000
controls pots=385 790 734 496 cv1=1(raw 999) cv2=1(raw 999)
staging copies=391 failures=0 stack_free=16644 mdma_lists=119827 mdma_errors=0 mdma_status=0x0 mdma_maxpolls=1606 list=312/314 us timed=1000
load program=3 lines=9 mixed=0 avg=66.0% max=67.6% | input=1.0 predelay=0.7 taps=1.8 early=2.1 linemix=1.8 linedelay=4.1 linediff=33.1 linefilt=9.5 out=1.4 ctrl=0.1 param=0.1 clip=1.5 stage=7.8 wait=0.0 other=0.3 | mix=790 decay=827 tone=496 freeze=0 updates=85 overloads=0 blocks=1000/1000
controls pots=385 790 826 496 cv1=1(raw 999) cv2=1(raw 999)
staging copies=403 failures=0 stack_free=16644 mdma_lists=120827 mdma_errors=0 mdma_status=0x0 mdma_maxpolls=1606 list=312/314 us timed=1000
load program=3 lines=9 mixed=0 avg=66.1% max=67.8% | input=1.0 predelay=0.7 taps=1.8 early=2.1 linemix=1.8 linedelay=4.1 linediff=33.1 linefilt=9.5 out=1.4 ctrl=0.1 param=0.1 clip=1.5 stage=7.8 wait=0.0 other=0.3 | mix=790 decay=1000 tone=495 freeze=0 updates=156 overloads=0 blocks=1000/1000
controls pots=385 790 1000 495 cv1=1(raw 999) cv2=1(raw 999)
staging copies=388 failures=0 stack_free=16644 mdma_lists=121827 mdma_errors=0 mdma_status=0x0 mdma_maxpolls=1606 list=312/314 us timed=1000
load program=3 lines=9 mixed=0 avg=65.8% max=66.3% | input=1.0 predelay=0.7 taps=1.8 early=2.1 linemix=1.8 linedelay=4.1 linediff=33.1 linefilt=9.5 out=1.4 ctrl=0.1 param=0.0 clip=1.5 stage=7.8 wait=0.0 other=0.3 | mix=790 decay=1000 tone=495 freeze=0 updates=0 overloads=0 blocks=1000/1000
controls pots=385 790 1000 495 cv1=1(raw 999) cv2=1(raw 999)
staging copies=390 failures=0 stack_free=16644 mdma_lists=122827 mdma_errors=0 mdma_status=0x0 mdma_maxpolls=1606 list=312/314 us timed=1000
load program=3 lines=9 mixed=0 avg=65.8% max=66.4% | input=1.0 predelay=0.7 taps=1.8 early=2.1 linemix=1.8 linedelay=4.1 linediff=33.1 linefilt=9.5 out=1.4 ctrl=0.1 param=0.0 clip=1.5 stage=7.8 wait=0.0 other=0.3 | mix=790 decay=1000 tone=495 freeze=0 updates=0 overloads=0 blocks=1000/1000
controls pots=385 790 1000 495 cv1=1(raw 999) cv2=1(raw 999)
staging copies=410 failures=0 stack_free=16644 mdma_lists=123827 mdma_errors=0 mdma_status=0x0 mdma_maxpolls=1606 list=312/314 us timed=1000
load program=3 lines=9 mixed=0 avg=65.8% max=66.5% | input=1.0 predelay=0.7 taps=1.8 early=2.1 linemix=1.8 linedelay=4.1 linediff=33.1 linefilt=9.5 out=1.4 ctrl=0.1 param=0.0 clip=1.5 stage=7.8 wait=0.0 other=0.3 | mix=790 decay=1000 tone=495 freeze=0 updates=0 overloads=0 blocks=1000/1000
controls pots=385 790 1000 495 cv1=1(raw 999) cv2=1(raw 999)
staging copies=405 failures=0 stack_free=16644 mdma_lists=124827 mdma_errors=0 mdma_status=0x0 mdma_maxpolls=1606 list=312/314 us timed=1000
load program=3 lines=9 mixed=0 avg=65.9% max=66.5% | input=1.0 predelay=0.7 taps=1.8 early=2.1 linemix=1.8 linedelay=4.1 linediff=33.1 linefilt=9.5 out=1.4 ctrl=0.1 param=0.0 clip=1.5 stage=7.8 wait=0.0 other=0.3 | mix=790 decay=1000 tone=532 freeze=0 updates=34 overloads=0 blocks=1000/1000
controls pots=385 790 1000 532 cv1=1(raw 999) cv2=1(raw 999)
staging copies=395 failures=0 stack_free=16644 mdma_lists=125827 mdma_errors=0 mdma_status=0x0 mdma_maxpolls=1606 list=312/314 us timed=1000
load program=3 lines=9 mixed=0 avg=65.9% max=66.5% | input=1.0 predelay=0.7 taps=1.8 early=2.1 linemix=1.8 linedelay=4.1 linediff=33.1 linefilt=9.5 out=1.4 ctrl=0.1 param=0.0 clip=1.5 stage=7.8 wait=0.0 other=0.3 | mix=790 decay=1000 tone=628 freeze=0 updates=91 overloads=0 blocks=1000/1000
controls pots=385 790 1000 628 cv1=1(raw 999) cv2=1(raw 999)
staging copies=399 failures=0 stack_free=16644 mdma_lists=126827 mdma_errors=0 mdma_status=0x0 mdma_maxpolls=1606 list=312/314 us timed=1000
load program=3 lines=9 mixed=0 avg=65.9% max=66.4% | input=1.0 predelay=0.7 taps=1.8 early=2.1 linemix=1.8 linedelay=4.1 linediff=33.1 linefilt=9.5 out=1.4 ctrl=0.1 param=0.0 clip=1.5 stage=7.8 wait=0.0 other=0.3 | mix=790 decay=1000 tone=714 freeze=0 updates=82 overloads=0 blocks=1000/1000
controls pots=385 790 1000 714 cv1=1(raw 999) cv2=1(raw 999)
staging copies=390 failures=0 stack_free=16644 mdma_lists=127827 mdma_errors=0 mdma_status=0x0 mdma_maxpolls=1606 list=312/314 us timed=1000
load program=3 lines=9 mixed=0 avg=65.9% max=66.5% | input=1.0 predelay=0.7 taps=1.8 early=2.1 linemix=1.8 linedelay=4.1 linediff=33.1 linefilt=9.5 out=1.4 ctrl=0.1 param=0.0 clip=1.5 stage=7.8 wait=0.0 other=0.3 | mix=790 decay=1000 tone=783 freeze=0 updates=66 overloads=0 blocks=1000/1000
controls pots=385 790 1000 783 cv1=1(raw 999) cv2=1(raw 999)
staging copies=390 failures=0 stack_free=16644 mdma_lists=128827 mdma_errors=0 mdma_status=0x0 mdma_maxpolls=1606 list=312/314 us timed=1000
load program=3 lines=9 mixed=0 avg=65.9% max=66.7% | input=1.0 predelay=0.7 taps=1.8 early=2.1 linemix=1.8 linedelay=4.1 linediff=33.1 linefilt=9.5 out=1.4 ctrl=0.1 param=0.0 clip=1.5 stage=7.8 wait=0.0 other=0.3 | mix=790 decay=1000 tone=946 freeze=0 updates=150 overloads=0 blocks=1000/1000
controls pots=385 790 1000 946 cv1=1(raw 999) cv2=1(raw 999)
staging copies=401 failures=0 stack_free=16644 mdma_lists=129827 mdma_errors=0 mdma_status=0x0 mdma_maxpolls=1606 list=312/314 us timed=1000
load program=3 lines=9 mixed=0 avg=65.9% max=66.7% | input=1.0 predelay=0.7 taps=1.8 early=2.1 linemix=1.8 linedelay=4.1 linediff=33.1 linefilt=9.5 out=1.4 ctrl=0.1 param=0.0 clip=1.5 stage=7.8 wait=0.0 other=0.3 | mix=790 decay=1000 tone=1000 freeze=0 updates=49 overloads=0 blocks=1000/1000
controls pots=385 790 1000 1000 cv1=1(raw 999) cv2=1(raw 999)
staging copies=392 failures=0 stack_free=16644 mdma_lists=130827 mdma_errors=0 mdma_status=0x0 mdma_maxpolls=1606 list=312/314 us timed=1000
load program=3 lines=9 mixed=0 avg=65.8% max=66.4% | input=1.0 predelay=0.7 taps=1.8 early=2.1 linemix=1.8 linedelay=4.1 linediff=33.1 linefilt=9.5 out=1.4 ctrl=0.1 param=0.0 clip=1.5 stage=7.8 wait=0.0 other=0.3 | mix=790 decay=1000 tone=1000 freeze=0 updates=0 overloads=0 blocks=1000/1000
controls pots=385 790 1000 1000 cv1=1(raw 999) cv2=1(raw 999)
staging copies=406 failures=0 stack_free=16644 mdma_lists=131827 mdma_errors=0 mdma_status=0x0 mdma_maxpolls=1606 list=312/314 us timed=1000
load program=3 lines=9 mixed=0 avg=66.3% max=67.8% | input=1.0 predelay=0.7 taps=1.8 early=2.1 linemix=1.9 linedelay=4.1 linediff=33.1 linefilt=9.5 out=1.4 ctrl=0.1 param=0.3 clip=1.5 stage=7.9 wait=0.0 other=0.3 | mix=790 decay=609 tone=1000 freeze=0 updates=320 overloads=0 blocks=1000/1000
controls pots=385 790 608 1000 cv1=1(raw 999) cv2=1(raw 999)
staging copies=411 failures=0 stack_free=16644 mdma_lists=132827 mdma_errors=0 mdma_status=0x0 mdma_maxpolls=1606 list=312/314 us timed=1000
load program=3 lines=9 mixed=0 avg=65.9% max=67.8% | input=1.0 predelay=0.7 taps=1.8 early=2.1 linemix=1.8 linedelay=4.1 linediff=33.1 linefilt=9.5 out=1.4 ctrl=0.1 param=0.1 clip=1.5 stage=7.8 wait=0.0 other=0.3 | mix=790 decay=530 tone=996 freeze=0 updates=69 overloads=0 blocks=1000/1000
controls pots=385 790 529 996 cv1=1(raw 999) cv2=1(raw 999)
staging copies=386 failures=0 stack_free=16644 mdma_lists=133827 mdma_errors=0 mdma_status=0x0 mdma_maxpolls=1606 list=312/314 us timed=1000
load program=3 lines=9 mixed=0 avg=65.9% max=66.7% | input=1.0 predelay=0.7 taps=1.8 early=2.1 linemix=1.8 linedelay=4.1 linediff=33.1 linefilt=9.5 out=1.4 ctrl=0.1 param=0.1 clip=1.5 stage=7.8 wait=0.0 other=0.3 | mix=790 decay=530 tone=650 freeze=0 updates=295 overloads=0 blocks=1000/1000
controls pots=385 790 529 650 cv1=1(raw 999) cv2=1(raw 999)
staging copies=391 failures=0 stack_free=16644 mdma_lists=134827 mdma_errors=0 mdma_status=0x0 mdma_maxpolls=1606 list=312/314 us timed=1000
load program=3 lines=9 mixed=0 avg=65.9% max=66.6% | input=1.0 predelay=0.7 taps=1.8 early=2.1 linemix=1.8 linedelay=4.1 linediff=33.1 linefilt=9.5 out=1.4 ctrl=0.1 param=0.0 clip=1.5 stage=7.8 wait=0.0 other=0.3 | mix=790 decay=530 tone=470 freeze=0 updates=160 overloads=0 blocks=1000/1000
controls pots=385 790 529 470 cv1=1(raw 999) cv2=1(raw 999)
staging copies=396 failures=0 stack_free=16644 mdma_lists=135827 mdma_errors=0 mdma_status=0x0 mdma_maxpolls=1606 list=312/314 us timed=1000
load program=3 lines=9 mixed=0 avg=65.8% max=66.5% | input=1.0 predelay=0.7 taps=1.8 early=2.1 linemix=1.8 linedelay=4.1 linediff=33.1 linefilt=9.5 out=1.4 ctrl=0.1 param=0.0 clip=1.5 stage=7.8 wait=0.0 other=0.3 | mix=790 decay=530 tone=470 freeze=0 updates=0 overloads=0 blocks=1000/1000
controls pots=472 790 529 470 cv1=1(raw 999) cv2=1(raw 999)
staging copies=387 failures=0 stack_free=16644 mdma_lists=136827 mdma_errors=0 mdma_status=0x0 mdma_maxpolls=1606 list=312/314 us timed=1000
program 4 "Rubi-Ka Fields" lines=4 limit=4 early=7 late=6 taps=26 predelay=0
  mod=eld interp=0 filters=----c latetap=1 streams=104 sdram=9 placed=445+207KB unplaced=4 clock=480MHz
  staging=mdma sets=1 staged=72 unstaged=2 taps=50 copies<=312 tcm=38/87KB itcm=ok
load program=3 lines=9 mixed=1 avg=29.9% max=66.4% | input=0.3 predelay=0.7 taps=2.3 early=3.5 linemix=0.7 linedelay=1.8 linediff=10.9 linefilt=1.4 out=0.8 ctrl=0.1 param=0.0 clip=1.4 stage=3.8 wait=0.0 other=0.3 | mix=790 decay=530 tone=470 freeze=0 updates=2 overloads=0 blocks=958/1000
controls pots=500 790 529 470 cv1=1(raw 999) cv2=1(raw 999)
staging copies=199 failures=0 stack_free=16644 mdma_lists=137786 mdma_errors=0 mdma_status=0x0 mdma_maxpolls=1606 list=158/313 us timed=959
load program=4 lines=4 mixed=0 avg=29.3% max=30.6% | input=0.3 predelay=0.7 taps=2.4 early=3.7 linemix=0.8 linedelay=1.8 linediff=11.0 linefilt=1.3 out=0.9 ctrl=0.1 param=0.0 clip=1.5 stage=3.9 wait=0.0 other=0.3 | mix=790 decay=589 tone=470 freeze=0 updates=50 overloads=0 blocks=1000/1000
controls pots=500 790 589 470 cv1=1(raw 999) cv2=1(raw 999)
staging copies=196 failures=0 stack_free=16644 mdma_lists=138786 mdma_errors=0 mdma_status=0x0 mdma_maxpolls=1606 list=156/157 us timed=1000
load program=4 lines=4 mixed=0 avg=29.5% max=30.6% | input=0.3 predelay=0.7 taps=2.4 early=3.7 linemix=0.8 linedelay=1.8 linediff=11.0 linefilt=1.3 out=0.9 ctrl=0.1 param=0.2 clip=1.5 stage=3.9 wait=0.0 other=0.3 | mix=790 decay=832 tone=470 freeze=0 updates=207 overloads=0 blocks=1000/1000
controls pots=500 790 831 470 cv1=1(raw 999) cv2=1(raw 999)
staging copies=196 failures=0 stack_free=16644 mdma_lists=139786 mdma_errors=0 mdma_status=0x0 mdma_maxpolls=1606 list=156/157 us timed=1000
load program=4 lines=4 mixed=0 avg=29.4% max=30.7% | input=0.3 predelay=0.7 taps=2.4 early=3.7 linemix=0.8 linedelay=1.8 linediff=11.0 linefilt=1.3 out=0.9 ctrl=0.1 param=0.1 clip=1.5 stage=3.9 wait=0.0 other=0.3 | mix=790 decay=1000 tone=470 freeze=0 updates=135 overloads=0 blocks=1000/1000
controls pots=500 790 1000 470 cv1=1(raw 999) cv2=1(raw 999)
staging copies=192 failures=0 stack_free=16644 mdma_lists=140786 mdma_errors=0 mdma_status=0x0 mdma_maxpolls=1606 list=156/157 us timed=1000
load program=4 lines=4 mixed=0 avg=29.3% max=29.6% | input=0.3 predelay=0.7 taps=2.4 early=3.7 linemix=0.8 linedelay=1.8 linediff=11.0 linefilt=1.3 out=0.9 ctrl=0.1 param=0.0 clip=1.5 stage=3.9 wait=0.0 other=0.3 | mix=790 decay=1000 tone=481 freeze=0 updates=10 overloads=0 blocks=1000/1000
controls pots=500 790 1000 481 cv1=1(raw 999) cv2=1(raw 999)
staging copies=196 failures=0 stack_free=16644 mdma_lists=141786 mdma_errors=0 mdma_status=0x0 mdma_maxpolls=1606 list=156/158 us timed=1000
load program=4 lines=4 mixed=0 avg=29.3% max=29.7% | input=0.3 predelay=0.7 taps=2.4 early=3.7 linemix=0.8 linedelay=1.8 linediff=11.0 linefilt=1.3 out=0.9 ctrl=0.1 param=0.0 clip=1.5 stage=3.9 wait=0.0 other=0.3 | mix=790 decay=1000 tone=562 freeze=0 updates=77 overloads=0 blocks=1000/1000
controls pots=500 790 1000 562 cv1=1(raw 999) cv2=1(raw 999)
staging copies=194 failures=0 stack_free=16644 mdma_lists=142786 mdma_errors=0 mdma_status=0x0 mdma_maxpolls=1606 list=156/157 us timed=1000
load program=4 lines=4 mixed=0 avg=29.3% max=29.6% | input=0.3 predelay=0.7 taps=2.4 early=3.7 linemix=0.8 linedelay=1.8 linediff=11.0 linefilt=1.3 out=0.9 ctrl=0.1 param=0.0 clip=1.5 stage=3.9 wait=0.0 other=0.3 | mix=790 decay=1000 tone=752 freeze=0 updates=172 overloads=0 blocks=1000/1000
controls pots=500 790 1000 752 cv1=1(raw 999) cv2=1(raw 999)
staging copies=200 failures=0 stack_free=16644 mdma_lists=143786 mdma_errors=0 mdma_status=0x0 mdma_maxpolls=1606 list=156/157 us timed=1000
load program=4 lines=4 mixed=0 avg=29.3% max=29.7% | input=0.3 predelay=0.7 taps=2.4 early=3.7 linemix=0.8 linedelay=1.8 linediff=11.0 linefilt=1.3 out=0.9 ctrl=0.1 param=0.0 clip=1.5 stage=3.9 wait=0.0 other=0.3 | mix=790 decay=1000 tone=1000 freeze=0 updates=211 overloads=0 blocks=1000/1000
controls pots=500 790 1000 1000 cv1=1(raw 999) cv2=1(raw 999)
staging copies=195 failures=0 stack_free=16644 mdma_lists=144786 mdma_errors=0 mdma_status=0x0 mdma_maxpolls=1606 list=156/157 us timed=1000
load program=4 lines=4 mixed=0 avg=29.3% max=29.4% | input=0.3 predelay=0.7 taps=2.4 early=3.7 linemix=0.8 linedelay=1.8 linediff=11.0 linefilt=1.3 out=0.9 ctrl=0.1 param=0.0 clip=1.5 stage=3.9 wait=0.0 other=0.3 | mix=790 decay=1000 tone=1000 freeze=0 updates=0 overloads=0 blocks=1000/1000
controls pots=500 790 1000 1000 cv1=1(raw 999) cv2=1(raw 999)
staging copies=196 failures=0 stack_free=16644 mdma_lists=145786 mdma_errors=0 mdma_status=0x0 mdma_maxpolls=1606 list=156/157 us timed=1000
load program=4 lines=4 mixed=0 avg=29.3% max=29.5% | input=0.3 predelay=0.7 taps=2.4 early=3.7 linemix=0.8 linedelay=1.8 linediff=11.0 linefilt=1.3 out=0.9 ctrl=0.1 param=0.0 clip=1.5 stage=3.9 wait=0.0 other=0.3 | mix=790 decay=1000 tone=1000 freeze=0 updates=0 overloads=0 blocks=1000/1000
controls pots=500 790 1000 1000 cv1=1(raw 999) cv2=1(raw 999)
staging copies=196 failures=0 stack_free=16644 mdma_lists=146786 mdma_errors=0 mdma_status=0x0 mdma_maxpolls=1606 list=156/157 us timed=1000
load program=4 lines=4 mixed=0 avg=29.3% max=29.5% | input=0.3 predelay=0.7 taps=2.4 early=3.7 linemix=0.8 linedelay=1.8 linediff=11.0 linefilt=1.3 out=0.9 ctrl=0.1 param=0.0 clip=1.5 stage=3.9 wait=0.0 other=0.3 | mix=790 decay=1000 tone=1000 freeze=0 updates=0 overloads=0 blocks=1000/1000
controls pots=500 790 1000 1000 cv1=1(raw 999) cv2=1(raw 999)
staging copies=201 failures=0 stack_free=16644 mdma_lists=147786 mdma_errors=0 mdma_status=0x0 mdma_maxpolls=1606 list=156/157 us timed=1000
load program=4 lines=4 mixed=0 avg=29.4% max=30.6% | input=0.3 predelay=0.7 taps=2.4 early=3.7 linemix=0.8 linedelay=1.8 linediff=11.0 linefilt=1.3 out=0.9 ctrl=0.1 param=0.1 clip=1.5 stage=3.9 wait=0.0 other=0.3 | mix=790 decay=883 tone=1000 freeze=0 updates=99 overloads=0 blocks=1000/1000
controls pots=500 790 883 1000 cv1=1(raw 999) cv2=1(raw 999)
staging copies=193 failures=0 stack_free=16644 mdma_lists=148786 mdma_errors=0 mdma_status=0x0 mdma_maxpolls=1606 list=156/157 us timed=1000
load program=4 lines=4 mixed=0 avg=29.5% max=30.7% | input=0.3 predelay=0.7 taps=2.4 early=3.7 linemix=0.8 linedelay=1.8 linediff=11.0 linefilt=1.3 out=0.9 ctrl=0.1 param=0.2 clip=1.5 stage=3.9 wait=0.0 other=0.3 | mix=790 decay=654 tone=1000 freeze=0 updates=202 overloads=0 blocks=1000/1000
controls pots=500 790 654 1000 cv1=1(raw 999) cv2=1(raw 999)
staging copies=194 failures=0 stack_free=16644 mdma_lists=149786 mdma_errors=0 mdma_status=0x0 mdma_maxpolls=1606 list=156/157 us timed=1000
load program=4 lines=4 mixed=0 avg=29.3% max=30.6% | input=0.3 predelay=0.7 taps=2.4 early=3.7 linemix=0.8 linedelay=1.8 linediff=11.0 linefilt=1.3 out=0.9 ctrl=0.1 param=0.0 clip=1.5 stage=3.9 wait=0.0 other=0.3 | mix=790 decay=611 tone=1000 freeze=0 updates=41 overloads=0 blocks=1000/1000
controls pots=500 790 610 1000 cv1=1(raw 999) cv2=1(raw 999)
staging copies=200 failures=0 stack_free=16644 mdma_lists=150786 mdma_errors=0 mdma_status=0x0 mdma_maxpolls=1606 list=156/157 us timed=1000
load program=4 lines=4 mixed=0 avg=29.3% max=29.7% | input=0.3 predelay=0.7 taps=2.4 early=3.7 linemix=0.8 linedelay=1.8 linediff=11.0 linefilt=1.3 out=0.9 ctrl=0.1 param=0.0 clip=1.5 stage=3.9 wait=0.0 other=0.3 | mix=790 decay=611 tone=761 freeze=0 updates=199 overloads=0 blocks=1000/1000
controls pots=500 790 610 761 cv1=1(raw 999) cv2=1(raw 999)
staging copies=197 failures=0 stack_free=16644 mdma_lists=151786 mdma_errors=0 mdma_status=0x0 mdma_maxpolls=1606 list=156/157 us timed=1000
load program=4 lines=4 mixed=0 avg=29.3% max=29.7% | input=0.3 predelay=0.7 taps=2.4 early=3.7 linemix=0.8 linedelay=1.8 linediff=11.0 linefilt=1.3 out=0.9 ctrl=0.1 param=0.0 clip=1.5 stage=3.9 wait=0.0 other=0.3 | mix=790 decay=611 tone=515 freeze=0 updates=214 overloads=0 blocks=1000/1000
controls pots=500 790 610 515 cv1=1(raw 999) cv2=1(raw 999)
staging copies=192 failures=0 stack_free=16644 mdma_lists=152786 mdma_errors=0 mdma_status=0x0 mdma_maxpolls=1606 list=156/157 us timed=1000
load program=4 lines=4 mixed=0 avg=29.3% max=29.6% | input=0.3 predelay=0.7 taps=2.4 early=3.7 linemix=0.8 linedelay=1.8 linediff=11.0 linefilt=1.3 out=0.9 ctrl=0.1 param=0.0 clip=1.5 stage=3.9 wait=0.0 other=0.3 | mix=790 decay=611 tone=511 freeze=0 updates=4 overloads=0 blocks=1000/1000
controls pots=500 790 610 511 cv1=1(raw 999) cv2=1(raw 999)
staging copies=197 failures=0 stack_free=16644 mdma_lists=153786 mdma_errors=0 mdma_status=0x0 mdma_maxpolls=1606 list=156/157 us timed=1000
program 5 "Through the Looking Glass" lines=8 limit=8 early=8 late=8 taps=50 predelay=0
  mod=eld interp=1 filters=-l--c latetap=1 streams=222 sdram=52 placed=444+226KB unplaced=42 clock=480MHz
  staging=mdma sets=1 staged=162 unstaged=2 taps=98 copies<=678 tcm=83/87KB itcm=ok
load program=4 lines=4 mixed=1 avg=42.6% max=64.8% | input=0.4 predelay=0.7 taps=2.8 early=3.7 linemix=1.0 linedelay=2.4 linediff=18.9 linefilt=1.8 out=1.0 ctrl=0.1 param=0.0 clip=1.4 stage=5.4 wait=0.0 other=0.3 | mix=790 decay=611 tone=511 freeze=0 updates=2 overloads=0 blocks=957/1000
controls pots=593 790 610 511 cv1=1(raw 999) cv2=1(raw 999)
staging copies=421 failures=0 stack_free=16644 mdma_lists=154744 mdma_errors=0 mdma_status=0x0 mdma_maxpolls=2431 list=176/391 us timed=958
load program=5 lines=8 mixed=0 avg=62.6% max=63.0% | input=0.6 predelay=0.7 taps=3.8 early=4.2 linemix=1.6 linedelay=3.6 linediff=33.1 linefilt=2.7 out=1.3 ctrl=0.1 param=0.0 clip=1.5 stage=8.3 wait=0.0 other=0.3 | mix=790 decay=611 tone=511 freeze=0 updates=0 overloads=0 blocks=1000/1000
controls pots=593 790 610 511 cv1=1(raw 999) cv2=1(raw 999)
staging copies=420 failures=0 stack_free=16644 mdma_lists=155744 mdma_errors=0 mdma_status=0x0 mdma_maxpolls=2431 list=220/8947232 us timed=1000
load program=5 lines=8 mixed=0 avg=62.6% max=62.9% | input=0.6 predelay=0.7 taps=3.8 early=4.2 linemix=1.6 linedelay=3.6 linediff=33.1 linefilt=2.7 out=1.3 ctrl=0.1 param=0.0 clip=1.5 stage=8.3 wait=0.0 other=0.3 | mix=790 decay=611 tone=511 freeze=0 updates=0 overloads=0 blocks=1000/1000
controls pots=593 790 610 511 cv1=1(raw 999) cv2=1(raw 999)
staging copies=421 failures=0 stack_free=16644 mdma_lists=156744 mdma_errors=0 mdma_status=0x0 mdma_maxpolls=2431 list=226/8947233 us timed=1000
load program=5 lines=8 mixed=0 avg=62.7% max=64.1% | input=0.6 predelay=0.7 taps=3.9 early=4.2 linemix=1.6 linedelay=3.6 linediff=33.1 linefilt=2.7 out=1.3 ctrl=0.1 param=0.0 clip=1.5 stage=8.4 wait=0.0 other=0.3 | mix=790 decay=667 tone=511 freeze=0 updates=51 overloads=0 blocks=1000/1000
controls pots=593 790 666 511 cv1=1(raw 999) cv2=1(raw 999)
staging copies=424 failures=0 stack_free=16644 mdma_lists=157744 mdma_errors=0 mdma_status=0x0 mdma_maxpolls=2431 list=222/8947233 us timed=1000
load program=5 lines=8 mixed=0 avg=62.6% max=64.1% | input=0.6 predelay=0.7 taps=3.8 early=4.2 linemix=1.6 linedelay=3.6 linediff=33.1 linefilt=2.7 out=1.3 ctrl=0.1 param=0.0 clip=1.5 stage=8.3 wait=0.0 other=0.3 | mix=790 decay=692 tone=511 freeze=0 updates=24 overloads=0 blocks=1000/1000
controls pots=593 790 692 511 cv1=1(raw 999) cv2=1(raw 999)
staging copies=430 failures=0 stack_free=16644 mdma_lists=158744 mdma_errors=0 mdma_status=0x0 mdma_maxpolls=2431 list=229/8947232 us timed=1000
load program=5 lines=8 mixed=0 avg=62.6% max=63.9% | input=0.6 predelay=0.7 taps=3.8 early=4.2 linemix=1.6 linedelay=3.6 linediff=33.1 linefilt=2.7 out=1.3 ctrl=0.1 param=0.0 clip=1.5 stage=8.3 wait=0.0 other=0.3 | mix=790 decay=694 tone=511 freeze=0 updates=3 overloads=0 blocks=1000/1000
controls pots=593 790 694 511 cv1=1(raw 999) cv2=1(raw 999)
staging copies=432 failures=0 stack_free=16644 mdma_lists=159744 mdma_errors=0 mdma_status=0x0 mdma_maxpolls=2431 list=228/8947233 us timed=1000
load program=5 lines=8 mixed=0 avg=62.6% max=64.1% | input=0.6 predelay=0.7 taps=3.8 early=4.2 linemix=1.6 linedelay=3.6 linediff=33.1 linefilt=2.7 out=1.3 ctrl=0.1 param=0.0 clip=1.5 stage=8.3 wait=0.0 other=0.3 | mix=790 decay=687 tone=511 freeze=0 updates=8 overloads=0 blocks=1000/1000
controls pots=593 790 686 511 cv1=1(raw 999) cv2=1(raw 999)
staging copies=427 failures=0 stack_free=16644 mdma_lists=160744 mdma_errors=0 mdma_status=0x0 mdma_maxpolls=2431 list=226/8947233 us timed=1000
load program=5 lines=8 mixed=0 avg=62.6% max=64.1% | input=0.6 predelay=0.7 taps=3.8 early=4.2 linemix=1.6 linedelay=3.6 linediff=33.1 linefilt=2.7 out=1.3 ctrl=0.1 param=0.0 clip=1.5 stage=8.3 wait=0.0 other=0.3 | mix=790 decay=688 tone=511 freeze=0 updates=1 overloads=0 blocks=1000/1000
controls pots=593 790 687 511 cv1=1(raw 999) cv2=1(raw 999)
staging copies=425 failures=0 stack_free=16644 mdma_lists=161744 mdma_errors=0 mdma_status=0x0 mdma_maxpolls=2431 list=223/8947234 us timed=1000
load program=5 lines=8 mixed=0 avg=62.8% max=64.1% | input=0.6 predelay=0.7 taps=3.9 early=4.2 linemix=1.6 linedelay=3.6 linediff=33.1 linefilt=2.7 out=1.3 ctrl=0.1 param=0.1 clip=1.5 stage=8.4 wait=0.1 other=0.3 | mix=790 decay=839 tone=511 freeze=0 updates=131 overloads=0 blocks=1000/1000
controls pots=593 790 838 511 cv1=1(raw 999) cv2=1(raw 999)
staging copies=430 failures=0 stack_free=16644 mdma_lists=162744 mdma_errors=0 mdma_status=0x0 mdma_maxpolls=2431 list=219/8947233 us timed=1000
load program=5 lines=8 mixed=0 avg=62.8% max=64.1% | input=0.6 predelay=0.7 taps=3.8 early=4.2 linemix=1.6 linedelay=3.6 linediff=33.1 linefilt=2.7 out=1.3 ctrl=0.1 param=0.1 clip=1.5 stage=8.4 wait=0.1 other=0.3 | mix=790 decay=1000 tone=511 freeze=0 updates=136 overloads=0 blocks=1000/1000
controls pots=593 790 1000 511 cv1=1(raw 999) cv2=1(raw 999)
staging copies=423 failures=0 stack_free=16644 mdma_lists=163744 mdma_errors=0 mdma_status=0x0 mdma_maxpolls=2431 list=224/8947233 us timed=1000
load program=5 lines=8 mixed=0 avg=62.6% max=63.0% | input=0.6 predelay=0.7 taps=3.8 early=4.2 linemix=1.6 linedelay=3.6 linediff=33.1 linefilt=2.7 out=1.3 ctrl=0.1 param=0.0 clip=1.5 stage=8.3 wait=0.0 other=0.3 | mix=790 decay=1000 tone=543 freeze=0 updates=27 overloads=0 blocks=1000/1000
controls pots=593 790 1000 543 cv1=1(raw 999) cv2=1(raw 999)
staging copies=421 failures=0 stack_free=16644 mdma_lists=164744 mdma_errors=0 mdma_status=0x0 mdma_maxpolls=2431 list=230/8947233 us timed=1000
load program=5 lines=8 mixed=0 avg=62.6% max=63.2% | input=0.6 predelay=0.7 taps=3.9 early=4.2 linemix=1.6 linedelay=3.6 linediff=33.1 linefilt=2.7 out=1.3 ctrl=0.1 param=0.0 clip=1.5 stage=8.4 wait=0.0 other=0.3 | mix=790 decay=1000 tone=808 freeze=0 updates=230 overloads=0 blocks=1000/1000
controls pots=593 790 1000 808 cv1=1(raw 999) cv2=1(raw 999)
staging copies=426 failures=0 stack_free=16644 mdma_lists=165744 mdma_errors=0 mdma_status=0x0 mdma_maxpolls=2431 list=220/8947232 us timed=1000
load program=5 lines=8 mixed=0 avg=62.6% max=63.0% | input=0.6 predelay=0.7 taps=3.9 early=4.2 linemix=1.6 linedelay=3.6 linediff=33.1 linefilt=2.7 out=1.3 ctrl=0.1 param=0.0 clip=1.5 stage=8.4 wait=0.0 other=0.3 | mix=790 decay=1000 tone=1000 freeze=0 updates=163 overloads=0 blocks=1000/1000
controls pots=593 790 1000 1000 cv1=1(raw 999) cv2=1(raw 999)
staging copies=423 failures=0 stack_free=16644 mdma_lists=166744 mdma_errors=0 mdma_status=0x0 mdma_maxpolls=2431 list=219/8947233 us timed=1000
load program=5 lines=8 mixed=0 avg=62.6% max=62.9% | input=0.6 predelay=0.7 taps=3.8 early=4.2 linemix=1.6 linedelay=3.6 linediff=33.1 linefilt=2.7 out=1.3 ctrl=0.1 param=0.0 clip=1.5 stage=8.4 wait=0.0 other=0.3 | mix=790 decay=1000 tone=1000 freeze=0 updates=0 overloads=0 blocks=1000/1000
controls pots=593 790 1000 1000 cv1=1(raw 999) cv2=1(raw 999)
staging copies=421 failures=0 stack_free=16644 mdma_lists=167744 mdma_errors=0 mdma_status=0x0 mdma_maxpolls=2431 list=224/8947233 us timed=1000
load program=5 lines=8 mixed=0 avg=62.6% max=62.9% | input=0.6 predelay=0.7 taps=3.8 early=4.2 linemix=1.6 linedelay=3.6 linediff=33.1 linefilt=2.7 out=1.3 ctrl=0.1 param=0.0 clip=1.5 stage=8.3 wait=0.0 other=0.3 | mix=790 decay=1000 tone=1000 freeze=0 updates=0 overloads=0 blocks=1000/1000
controls pots=593 790 1000 1000 cv1=1(raw 999) cv2=1(raw 999)
staging copies=429 failures=0 stack_free=16644 mdma_lists=168744 mdma_errors=0 mdma_status=0x0 mdma_maxpolls=2431 list=228/8947233 us timed=1000
load program=5 lines=8 mixed=0 avg=62.6% max=63.1% | input=0.6 predelay=0.7 taps=3.8 early=4.2 linemix=1.6 linedelay=3.6 linediff=33.1 linefilt=2.7 out=1.3 ctrl=0.1 param=0.0 clip=1.5 stage=8.4 wait=0.0 other=0.3 | mix=790 decay=1000 tone=874 freeze=0 updates=113 overloads=0 blocks=1000/1000
controls pots=593 790 1000 874 cv1=1(raw 999) cv2=1(raw 999)
staging copies=420 failures=0 stack_free=16644 mdma_lists=169744 mdma_errors=0 mdma_status=0x0 mdma_maxpolls=2431 list=222/8947233 us timed=1000
load program=5 lines=8 mixed=0 avg=62.6% max=63.0% | input=0.6 predelay=0.7 taps=3.9 early=4.2 linemix=1.6 linedelay=3.6 linediff=33.1 linefilt=2.7 out=1.3 ctrl=0.1 param=0.0 clip=1.5 stage=8.3 wait=0.0 other=0.3 | mix=620 decay=1000 tone=826 freeze=0 updates=44 overloads=0 blocks=1000/1000
controls pots=593 620 1000 826 cv1=1(raw 999) cv2=1(raw 999)
staging copies=420 failures=0 stack_free=16644 mdma_lists=170744 mdma_errors=0 mdma_status=0x0 mdma_maxpolls=2431 list=227/8947234 us timed=1000
load program=5 lines=8 mixed=0 avg=62.5% max=62.9% | input=0.6 predelay=0.7 taps=3.8 early=4.2 linemix=1.6 linedelay=3.6 linediff=33.1 linefilt=2.7 out=1.3 ctrl=0.1 param=0.0 clip=1.5 stage=8.3 wait=0.0 other=0.3 | mix=247 decay=1000 tone=826 freeze=0 updates=0 overloads=0 blocks=1000/1000
controls pots=593 247 1000 826 cv1=1(raw 999) cv2=1(raw 999)
staging copies=422 failures=0 stack_free=16644 mdma_lists=171744 mdma_errors=0 mdma_status=0x0 mdma_maxpolls=2431 list=231/8947234 us timed=1000
load program=5 lines=8 mixed=0 avg=62.5% max=62.8% | input=0.6 predelay=0.7 taps=3.8 early=4.2 linemix=1.6 linedelay=3.6 linediff=33.1 linefilt=2.7 out=1.3 ctrl=0.1 param=0.0 clip=1.5 stage=8.3 wait=0.0 other=0.3 | mix=116 decay=1000 tone=826 freeze=0 updates=0 overloads=0 blocks=1000/1000
controls pots=593 116 1000 826 cv1=1(raw 999) cv2=1(raw 999)
staging copies=435 failures=0 stack_free=16644 mdma_lists=172744 mdma_errors=0 mdma_status=0x0 mdma_maxpolls=2431 list=237/8947234 us timed=1000
load program=5 lines=8 mixed=0 avg=62.5% max=62.8% | input=0.6 predelay=0.7 taps=3.8 early=4.2 linemix=1.6 linedelay=3.6 linediff=33.1 linefilt=2.7 out=1.3 ctrl=0.1 param=0.0 clip=1.5 stage=8.3 wait=0.0 other=0.3 | mix=114 decay=1000 tone=826 freeze=0 updates=0 overloads=0 blocks=1000/1000
controls pots=593 114 1000 826 cv1=1(raw 999) cv2=1(raw 999)
staging copies=429 failures=0 stack_free=16644 mdma_lists=173744 mdma_errors=0 mdma_status=0x0 mdma_maxpolls=2431 list=234/8947234 us timed=1000
load program=5 lines=8 mixed=0 avg=62.5% max=62.9% | input=0.6 predelay=0.7 taps=3.8 early=4.2 linemix=1.6 linedelay=3.6 linediff=33.1 linefilt=2.7 out=1.3 ctrl=0.1 param=0.0 clip=1.5 stage=8.3 wait=0.0 other=0.3 | mix=0 decay=1000 tone=826 freeze=0 updates=0 overloads=0 blocks=1000/1000
controls pots=593 0 1000 826 cv1=1(raw 999) cv2=1(raw 999)
staging copies=430 failures=0 stack_free=16644 mdma_lists=174744 mdma_errors=0 mdma_status=0x0 mdma_maxpolls=2431 list=238/8947234 us timed=1000
load program=5 lines=8 mixed=0 avg=62.5% max=62.9% | input=0.6 predelay=0.7 taps=3.9 early=4.2 linemix=1.6 linedelay=3.6 linediff=33.1 linefilt=2.7 out=1.3 ctrl=0.1 param=0.0 clip=1.5 stage=8.3 wait=0.0 other=0.3 | mix=0 decay=1000 tone=826 freeze=0 updates=0 overloads=0 blocks=1000/1000
controls pots=593 0 1000 826 cv1=1(raw 999) cv2=1(raw 999)
staging copies=421 failures=0 stack_free=16644 mdma_lists=175744 mdma_errors=0 mdma_status=0x0 mdma_maxpolls=2431 list=241/8947234 us timed=1000
load program=5 lines=8 mixed=0 avg=62.5% max=62.8% | input=0.6 predelay=0.7 taps=3.8 early=4.2 linemix=1.6 linedelay=3.6 linediff=33.1 linefilt=2.7 out=1.3 ctrl=0.1 param=0.0 clip=1.5 stage=8.3 wait=0.0 other=0.3 | mix=200 decay=1000 tone=826 freeze=0 updates=0 overloads=0 blocks=1000/1000
controls pots=593 200 1000 826 cv1=1(raw 999) cv2=1(raw 999)
staging copies=427 failures=0 stack_free=16644 mdma_lists=176744 mdma_errors=0 mdma_status=0x0 mdma_maxpolls=2431 list=242/8947234 us timed=1000
load program=5 lines=8 mixed=0 avg=62.5% max=63.0% | input=0.6 predelay=0.7 taps=3.8 early=4.2 linemix=1.6 linedelay=3.6 linediff=33.1 linefilt=2.7 out=1.3 ctrl=0.1 param=0.0 clip=1.5 stage=8.3 wait=0.0 other=0.3 | mix=350 decay=1000 tone=826 freeze=0 updates=0 overloads=0 blocks=1000/1000
controls pots=593 350 1000 826 cv1=1(raw 999) cv2=1(raw 999)
staging copies=424 failures=0 stack_free=16644 mdma_lists=177744 mdma_errors=0 mdma_status=0x0 mdma_maxpolls=2431 list=239/8947235 us timed=1000
load program=5 lines=8 mixed=0 avg=62.6% max=63.0% | input=0.6 predelay=0.7 taps=3.9 early=4.2 linemix=1.6 linedelay=3.6 linediff=33.1 linefilt=2.7 out=1.3 ctrl=0.1 param=0.0 clip=1.5 stage=8.4 wait=0.0 other=0.3 | mix=350 decay=1000 tone=961 freeze=0 updates=121 overloads=0 blocks=1000/1000
controls pots=593 350 1000 961 cv1=1(raw 999) cv2=1(raw 999)
staging copies=429 failures=0 stack_free=16644 mdma_lists=178744 mdma_errors=0 mdma_status=0x0 mdma_maxpolls=2431 list=232/8947234 us timed=1000
load program=5 lines=8 mixed=0 avg=62.5% max=63.0% | input=0.6 predelay=0.7 taps=3.8 early=4.2 linemix=1.6 linedelay=3.6 linediff=33.1 linefilt=2.7 out=1.3 ctrl=0.1 param=0.0 clip=1.5 stage=8.3 wait=0.0 other=0.3 | mix=350 decay=1000 tone=1000 freeze=0 updates=33 overloads=0 blocks=1000/1000
controls pots=593 350 1000 1000 cv1=1(raw 999) cv2=1(raw 999)
staging copies=424 failures=0 stack_free=16644 mdma_lists=179744 mdma_errors=0 mdma_status=0x0 mdma_maxpolls=2431 list=234/8947233 us timed=1000
load program=5 lines=8 mixed=0 avg=62.5% max=62.8% | input=0.6 predelay=0.7 taps=3.8 early=4.2 linemix=1.6 linedelay=3.6 linediff=33.1 linefilt=2.7 out=1.3 ctrl=0.1 param=0.0 clip=1.5 stage=8.3 wait=0.0 other=0.3 | mix=349 decay=1000 tone=1000 freeze=0 updates=0 overloads=0 blocks=1000/1000
controls pots=593 349 1000 1000 cv1=1(raw 999) cv2=1(raw 999)
staging copies=420 failures=0 stack_free=16644 mdma_lists=180744 mdma_errors=0 mdma_status=0x0 mdma_maxpolls=2431 list=240/8947233 us timed=1000
load program=5 lines=8 mixed=0 avg=62.5% max=62.8% | input=0.6 predelay=0.7 taps=3.8 early=4.2 linemix=1.6 linedelay=3.6 linediff=33.1 linefilt=2.7 out=1.3 ctrl=0.1 param=0.0 clip=1.5 stage=8.3 wait=0.0 other=0.3 | mix=349 decay=1000 tone=1000 freeze=0 updates=0 overloads=0 blocks=1000/1000
controls pots=593 349 1000 1000 cv1=1(raw 999) cv2=1(raw 999)
staging copies=421 failures=0 stack_free=16644 mdma_lists=181744 mdma_errors=0 mdma_status=0x0 mdma_maxpolls=2431 list=239/8947234 us timed=1000
load program=5 lines=8 mixed=0 avg=62.9% max=64.1% | input=0.6 predelay=0.7 taps=3.8 early=4.2 linemix=1.6 linedelay=3.6 linediff=33.1 linefilt=2.7 out=1.3 ctrl=0.1 param=0.2 clip=1.5 stage=8.4 wait=0.1 other=0.3 | mix=350 decay=755 tone=1000 freeze=0 updates=200 overloads=0 blocks=1000/1000
controls pots=593 350 754 1000 cv1=1(raw 999) cv2=1(raw 999)
staging copies=423 failures=0 stack_free=16644 mdma_lists=182744 mdma_errors=0 mdma_status=0x0 mdma_maxpolls=2431 list=218/8947234 us timed=1000
load program=5 lines=8 mixed=0 avg=62.5% max=63.1% | input=0.6 predelay=0.7 taps=3.8 early=4.2 linemix=1.6 linedelay=3.6 linediff=33.1 linefilt=2.7 out=1.3 ctrl=0.1 param=0.0 clip=1.5 stage=8.3 wait=0.0 other=0.3 | mix=349 decay=756 tone=911 freeze=0 updates=76 overloads=0 blocks=1000/1000
controls pots=593 349 754 911 cv1=1(raw 999) cv2=1(raw 999)
staging copies=422 failures=0 stack_free=16644 mdma_lists=183744 mdma_errors=0 mdma_status=0x0 mdma_maxpolls=2431 list=234/8947234 us timed=1000
load program=5 lines=8 mixed=0 avg=62.6% max=63.1% | input=0.6 predelay=0.7 taps=3.9 early=4.2 linemix=1.6 linedelay=3.6 linediff=33.1 linefilt=2.7 out=1.3 ctrl=0.1 param=0.0 clip=1.5 stage=8.4 wait=0.0 other=0.3 | mix=349 decay=755 tone=740 freeze=0 updates=152 overloads=0 blocks=1000/1000
controls pots=593 349 754 740 cv1=1(raw 999) cv2=1(raw 999)
staging copies=428 failures=0 stack_free=16644 mdma_lists=184744 mdma_errors=0 mdma_status=0x0 mdma_maxpolls=2431 list=228/8947233 us timed=1000
load program=5 lines=8 mixed=0 avg=62.5% max=63.0% | input=0.6 predelay=0.7 taps=3.8 early=4.2 linemix=1.6 linedelay=3.6 linediff=33.1 linefilt=2.7 out=1.3 ctrl=0.1 param=0.0 clip=1.5 stage=8.3 wait=0.0 other=0.3 | mix=349 decay=755 tone=740 freeze=0 updates=0 overloads=0 blocks=1000/1000
controls pots=684 349 754 740 cv1=1(raw 999) cv2=1(raw 999)
staging copies=432 failures=0 stack_free=16644 mdma_lists=185744 mdma_errors=0 mdma_status=0x0 mdma_maxpolls=2431 list=235/8947234 us timed=1000
program 6 "The 90s Are Back" lines=9 limit=9 early=5 late=0 taps=1 predelay=0
  mod=eld interp=1 filters=-l-Hc latetap=1 streams=42 sdram=11 placed=399+219KB unplaced=7 clock=480MHz
  staging=mdma sets=1 staged=30 unstaged=2 taps=0 copies<=86 tcm=11/87KB itcm=ok
load program=5 lines=8 mixed=1 avg=24.4% max=62.7% | input=0.6 predelay=0.7 taps=0.7 early=2.6 linemix=1.7 linedelay=3.8 linediff=1.9 linefilt=5.7 out=1.3 ctrl=0.1 param=0.0 clip=1.4 stage=1.6 wait=0.0 other=0.2 | mix=350 decay=755 tone=740 freeze=0 updates=2 overloads=0 blocks=946/1000
controls pots=721 350 754 740 cv1=1(raw 999) cv2=1(raw 999)
staging copies=59 failures=0 stack_free=16644 mdma_lists=186691 mdma_errors=0 mdma_status=0x0 mdma_maxpolls=2431 list=67/393 us timed=947
load program=6 lines=9 mixed=0 avg=21.7% max=21.9% | input=0.6 predelay=0.7 taps=0.6 early=2.6 linemix=1.8 linedelay=4.1 linediff=0.0 linefilt=6.3 out=1.4 ctrl=0.1 param=0.0 clip=1.5 stage=1.3 wait=0.0 other=0.2 | mix=350 decay=755 tone=740 freeze=0 updates=0 overloads=0 blocks=1000/1000
controls pots=721 350 754 740 cv1=1(raw 999) cv2=1(raw 999)
staging copies=59 failures=0 stack_free=16644 mdma_lists=187691 mdma_errors=0 mdma_status=0x0 mdma_maxpolls=2431 list=54/56 us timed=1000
load program=6 lines=9 mixed=0 avg=21.7% max=21.9% | input=0.6 predelay=0.7 taps=0.6 early=2.6 linemix=1.8 linedelay=4.1 linediff=0.0 linefilt=6.3 out=1.4 ctrl=0.1 param=0.0 clip=1.5 stage=1.3 wait=0.0 other=0.2 | mix=350 decay=755 tone=740 freeze=0 updates=0 overloads=0 blocks=1000/1000
controls pots=720 350 754 740 cv1=1(raw 999) cv2=1(raw 999)
staging copies=59 failures=0 stack_free=16644 mdma_lists=188691 mdma_errors=0 mdma_status=0x0 mdma_maxpolls=2431 list=54/56 us timed=1000
load program=6 lines=9 mixed=0 avg=21.7% max=21.8% | input=0.6 predelay=0.7 taps=0.6 early=2.6 linemix=1.8 linedelay=4.1 linediff=0.0 linefilt=6.3 out=1.4 ctrl=0.1 param=0.0 clip=1.5 stage=1.3 wait=0.0 other=0.2 | mix=350 decay=755 tone=740 freeze=0 updates=0 overloads=0 blocks=1000/1000
controls pots=720 350 754 740 cv1=1(raw 999) cv2=1(raw 999)
staging copies=58 failures=0 stack_free=16644 mdma_lists=189691 mdma_errors=0 mdma_status=0x0 mdma_maxpolls=2431 list=54/56 us timed=1000
load program=6 lines=9 mixed=0 avg=21.7% max=21.9% | input=0.6 predelay=0.7 taps=0.6 early=2.6 linemix=1.8 linedelay=4.1 linediff=0.0 linefilt=6.3 out=1.4 ctrl=0.1 param=0.0 clip=1.5 stage=1.3 wait=0.0 other=0.2 | mix=349 decay=755 tone=740 freeze=0 updates=0 overloads=0 blocks=1000/1000
controls pots=720 349 754 740 cv1=1(raw 999) cv2=1(raw 999)
staging copies=59 failures=0 stack_free=16644 mdma_lists=190691 mdma_errors=0 mdma_status=0x0 mdma_maxpolls=2431 list=54/56 us timed=1000
load program=6 lines=9 mixed=0 avg=21.7% max=21.8% | input=0.6 predelay=0.7 taps=0.6 early=2.6 linemix=1.8 linedelay=4.1 linediff=0.0 linefilt=6.3 out=1.4 ctrl=0.1 param=0.0 clip=1.5 stage=1.3 wait=0.0 other=0.2 | mix=350 decay=755 tone=740 freeze=0 updates=0 overloads=0 blocks=1000/1000
controls pots=720 350 754 740 cv1=1(raw 999) cv2=1(raw 999)
staging copies=59 failures=0 stack_free=16644 mdma_lists=191691 mdma_errors=0 mdma_status=0x0 mdma_maxpolls=2431 list=54/56 us timed=1000
load program=6 lines=9 mixed=0 avg=21.7% max=21.9% | input=0.6 predelay=0.7 taps=0.6 early=2.6 linemix=1.8 linedelay=4.1 linediff=0.0 linefilt=6.3 out=1.4 ctrl=0.1 param=0.0 clip=1.5 stage=1.3 wait=0.0 other=0.2 | mix=350 decay=755 tone=740 freeze=0 updates=0 overloads=0 blocks=1000/1000
controls pots=749 350 754 740 cv1=1(raw 999) cv2=1(raw 999)
staging copies=59 failures=0 stack_free=16644 mdma_lists=192691 mdma_errors=0 mdma_status=0x0 mdma_maxpolls=2431 list=54/56 us timed=1000
load program=6 lines=9 mixed=0 avg=21.8% max=23.1% | input=0.6 predelay=0.7 taps=0.6 early=2.6 linemix=1.8 linedelay=4.1 linediff=0.0 linefilt=6.3 out=1.4 ctrl=0.1 param=0.1 clip=1.5 stage=1.3 wait=0.0 other=0.2 | mix=350 decay=856 tone=740 freeze=0 updates=85 overloads=0 blocks=1000/1000
controls pots=748 350 856 740 cv1=1(raw 999) cv2=1(raw 999)
staging copies=60 failures=0 stack_free=16644 mdma_lists=193691 mdma_errors=0 mdma_status=0x0 mdma_maxpolls=2431 list=54/57 us timed=1000
load program=6 lines=9 mixed=0 avg=21.9% max=23.2% | input=0.6 predelay=0.7 taps=0.6 early=2.6 linemix=1.8 linedelay=4.1 linediff=0.0 linefilt=6.3 out=1.4 ctrl=0.1 param=0.1 clip=1.5 stage=1.3 wait=0.0 other=0.2 | mix=349 decay=1000 tone=740 freeze=0 updates=127 overloads=0 blocks=1000/1000
controls pots=748 349 1000 740 cv1=1(raw 999) cv2=1(raw 999)
staging copies=58 failures=0 stack_free=16644 mdma_lists=194691 mdma_errors=0 mdma_status=0x0 mdma_maxpolls=2431 list=54/56 us timed=1000
load program=6 lines=9 mixed=0 avg=21.7% max=22.1% | input=0.6 predelay=0.7 taps=0.6 early=2.6 linemix=1.8 linedelay=4.1 linediff=0.0 linefilt=6.3 out=1.4 ctrl=0.1 param=0.0 clip=1.5 stage=1.3 wait=0.0 other=0.2 | mix=349 decay=1000 tone=781 freeze=0 updates=36 overloads=0 blocks=1000/1000
controls pots=748 349 1000 781 cv1=1(raw 999) cv2=1(raw 999)
staging copies=59 failures=0 stack_free=16644 mdma_lists=195691 mdma_errors=0 mdma_status=0x0 mdma_maxpolls=2431 list=54/56 us timed=1000
load program=6 lines=9 mixed=0 avg=21.8% max=22.1% | input=0.6 predelay=0.7 taps=0.6 early=2.6 linemix=1.8 linedelay=4.1 linediff=0.0 linefilt=6.3 out=1.4 ctrl=0.1 param=0.0 clip=1.5 stage=1.3 wait=0.0 other=0.2 | mix=349 decay=1000 tone=1000 freeze=0 updates=186 overloads=0 blocks=1000/1000
controls pots=748 349 1000 1000 cv1=1(raw 999) cv2=1(raw 999)
staging copies=58 failures=0 stack_free=16644 mdma_lists=196691 mdma_errors=0 mdma_status=0x0 mdma_maxpolls=2431 list=54/56 us timed=1000
load program=6 lines=9 mixed=0 avg=21.7% max=21.9% | input=0.6 predelay=0.7 taps=0.6 early=2.6 linemix=1.8 linedelay=4.1 linediff=0.0 linefilt=6.3 out=1.4 ctrl=0.1 param=0.0 clip=1.5 stage=1.3 wait=0.0 other=0.2 | mix=360 decay=1000 tone=1000 freeze=0 updates=0 overloads=0 blocks=1000/1000
controls pots=748 360 1000 1000 cv1=1(raw 999) cv2=1(raw 999)
staging copies=59 failures=0 stack_free=16644 mdma_lists=197691 mdma_errors=0 mdma_status=0x0 mdma_maxpolls=2431 list=54/57 us timed=1000
load program=6 lines=9 mixed=0 avg=21.7% max=21.9% | input=0.6 predelay=0.7 taps=0.6 early=2.6 linemix=1.8 linedelay=4.1 linediff=0.0 linefilt=6.3 out=1.4 ctrl=0.1 param=0.0 clip=1.5 stage=1.3 wait=0.0 other=0.3 | mix=483 decay=1000 tone=1000 freeze=0 updates=0 overloads=0 blocks=1000/1000
controls pots=748 483 1000 1000 cv1=1(raw 999) cv2=1(raw 999)
staging copies=58 failures=0 stack_free=16644 mdma_lists=198691 mdma_errors=0 mdma_status=0x0 mdma_maxpolls=2431 list=54/57 us timed=1000
load program=6 lines=9 mixed=0 avg=21.8% max=21.9% | input=0.6 predelay=0.7 taps=0.6 early=2.6 linemix=1.8 linedelay=4.1 linediff=0.0 linefilt=6.3 out=1.4 ctrl=0.1 param=0.0 clip=1.5 stage=1.3 wait=0.0 other=0.3 | mix=483 decay=1000 tone=1000 freeze=0 updates=0 overloads=0 blocks=1000/1000
controls pots=727 483 1000 1000 cv1=1(raw 999) cv2=1(raw 999)
staging copies=58 failures=0 stack_free=16644 mdma_lists=199691 mdma_errors=0 mdma_status=0x0 mdma_maxpolls=2431 list=54/57 us timed=1000
program 5 "Through the Looking Glass" lines=8 limit=8 early=8 late=8 taps=50 predelay=0
  mod=eld interp=1 filters=-l--c latetap=1 streams=222 sdram=52 placed=444+226KB unplaced=42 clock=480MHz
  staging=mdma sets=1 staged=162 unstaged=2 taps=98 copies<=678 tcm=83/87KB itcm=ok
load program=6 lines=9 mixed=1 avg=48.4% max=64.9% | input=0.6 predelay=0.7 taps=2.5 early=3.4 linemix=1.5 linedelay=3.6 linediff=20.2 linefilt=3.8 out=1.3 ctrl=0.1 param=0.0 clip=1.4 stage=5.5 wait=0.0 other=0.3 | mix=483 decay=1000 tone=1000 freeze=0 updates=2 overloads=0 blocks=941/1000
controls pots=601 483 1000 1000 cv1=1(raw 999) cv2=1(raw 999)
staging copies=426 failures=0 stack_free=16620 mdma_lists=200633 mdma_errors=0 mdma_status=0x0 mdma_maxpolls=2431 list=152/8947230 us timed=942
load program=5 lines=8 mixed=0 avg=62.6% max=63.0% | input=0.6 predelay=0.7 taps=3.8 early=4.2 linemix=1.6 linedelay=3.6 linediff=33.1 linefilt=2.7 out=1.3 ctrl=0.1 param=0.0 clip=1.5 stage=8.3 wait=0.0 other=0.3 | mix=484 decay=1000 tone=1000 freeze=0 updates=0 overloads=0 blocks=1000/1000
controls pots=601 484 1000 1000 cv1=1(raw 999) cv2=1(raw 999)
staging copies=424 failures=0 stack_free=16620 mdma_lists=201633 mdma_errors=0 mdma_status=0x0 mdma_maxpolls=2431 list=227/8947232 us timed=1000
load program=5 lines=8 mixed=0 avg=62.6% max=62.9% | input=0.6 predelay=0.7 taps=3.8 early=4.2 linemix=1.6 linedelay=3.6 linediff=33.1 linefilt=2.7 out=1.3 ctrl=0.1 param=0.0 clip=1.5 stage=8.4 wait=0.0 other=0.3 | mix=483 decay=1000 tone=1000 freeze=0 updates=0 overloads=0 blocks=1000/1000
controls pots=601 483 1000 1000 cv1=1(raw 999) cv2=1(raw 999)
staging copies=423 failures=0 stack_free=16620 mdma_lists=202633 mdma_errors=0 mdma_status=0x0 mdma_maxpolls=2431 list=225/8947233 us timed=1000
load program=5 lines=8 mixed=0 avg=62.5% max=62.9% | input=0.6 predelay=0.7 taps=3.8 early=4.2 linemix=1.6 linedelay=3.6 linediff=33.1 linefilt=2.7 out=1.3 ctrl=0.1 param=0.0 clip=1.5 stage=8.3 wait=0.0 other=0.3 | mix=484 decay=1000 tone=1000 freeze=0 updates=0 overloads=0 blocks=1000/1000
controls pots=601 484 1000 1000 cv1=1(raw 999) cv2=1(raw 999)
staging copies=430 failures=0 stack_free=16620 mdma_lists=203633 mdma_errors=0 mdma_status=0x0 mdma_maxpolls=2431 list=230/8947233 us timed=1000
load program=5 lines=8 mixed=0 avg=62.6% max=62.8% | input=0.6 predelay=0.7 taps=3.8 early=4.2 linemix=1.6 linedelay=3.6 linediff=33.1 linefilt=2.7 out=1.3 ctrl=0.1 param=0.0 clip=1.5 stage=8.4 wait=0.0 other=0.3 | mix=484 decay=1000 tone=1000 freeze=0 updates=0 overloads=0 blocks=1000/1000
controls pots=601 484 1000 1000 cv1=1(raw 999) cv2=1(raw 999)
staging copies=420 failures=0 stack_free=16620 mdma_lists=204633 mdma_errors=0 mdma_status=0x0 mdma_maxpolls=2431 list=225/8947234 us timed=1000
load program=5 lines=8 mixed=0 avg=62.6% max=62.9% | input=0.6 predelay=0.7 taps=3.8 early=4.2 linemix=1.6 linedelay=3.6 linediff=33.1 linefilt=2.7 out=1.3 ctrl=0.1 param=0.0 clip=1.5 stage=8.3 wait=0.0 other=0.3 | mix=483 decay=1000 tone=1000 freeze=0 updates=0 overloads=0 blocks=1000/1000
controls pots=601 483 1000 1000 cv1=1(raw 999) cv2=1(raw 999)
staging copies=425 failures=0 stack_free=16620 mdma_lists=205633 mdma_errors=0 mdma_status=0x0 mdma_maxpolls=2431 list=226/8947234 us timed=1000
load program=5 lines=8 mixed=0 avg=63.0% max=64.2% | input=0.6 predelay=0.7 taps=3.8 early=4.2 linemix=1.6 linedelay=3.6 linediff=33.1 linefilt=2.7 out=1.3 ctrl=0.1 param=0.2 clip=1.5 stage=8.4 wait=0.1 other=0.3 | mix=483 decay=765 tone=1000 freeze=0 updates=193 overloads=0 blocks=1000/1000
controls pots=601 483 764 1000 cv1=1(raw 999) cv2=1(raw 999)
staging copies=427 failures=0 stack_free=16620 mdma_lists=206633 mdma_errors=0 mdma_status=0x0 mdma_maxpolls=2431 list=215/8947233 us timed=1000
load program=5 lines=8 mixed=0 avg=62.6% max=63.2% | input=0.6 predelay=0.7 taps=3.9 early=4.2 linemix=1.6 linedelay=3.6 linediff=33.1 linefilt=2.7 out=1.3 ctrl=0.1 param=0.0 clip=1.5 stage=8.3 wait=0.0 other=0.3 | mix=483 decay=765 tone=813 freeze=0 updates=155 overloads=0 blocks=1000/1000
controls pots=601 483 764 813 cv1=1(raw 999) cv2=1(raw 999)
staging copies=434 failures=0 stack_free=16620 mdma_lists=207633 mdma_errors=0 mdma_status=0x0 mdma_maxpolls=2431 list=225/8947233 us timed=1000
load program=5 lines=8 mixed=0 avg=62.7% max=64.3% | input=0.6 predelay=0.7 taps=3.8 early=4.2 linemix=1.6 linedelay=3.6 linediff=33.1 linefilt=2.7 out=1.3 ctrl=0.1 param=0.1 clip=1.5 stage=8.4 wait=0.1 other=0.3 | mix=484 decay=681 tone=813 freeze=0 updates=69 overloads=0 blocks=1000/1000
controls pots=601 484 680 813 cv1=1(raw 999) cv2=1(raw 999)
staging copies=428 failures=0 stack_free=16620 mdma_lists=208633 mdma_errors=0 mdma_status=0x0 mdma_maxpolls=2431 list=220/8947234 us timed=1000
load program=5 lines=8 mixed=0 avg=62.7% max=64.2% | input=0.6 predelay=0.7 taps=3.9 early=4.2 linemix=1.6 linedelay=3.6 linediff=33.1 linefilt=2.7 out=1.3 ctrl=0.1 param=0.1 clip=1.5 stage=8.3 wait=0.0 other=0.3 | mix=484 decay=618 tone=741 freeze=0 updates=112 overloads=0 blocks=1000/1000
controls pots=601 484 617 741 cv1=1(raw 999) cv2=1(raw 999)
staging copies=430 failures=0 stack_free=16620 mdma_lists=209633 mdma_errors=0 mdma_status=0x0 mdma_maxpolls=2431 list=222/8947233 us timed=1000
load program=5 lines=8 mixed=0 avg=62.6% max=62.9% | input=0.6 predelay=0.7 taps=3.9 early=4.2 linemix=1.6 linedelay=3.6 linediff=33.1 linefilt=2.7 out=1.3 ctrl=0.1 param=0.0 clip=1.5 stage=8.4 wait=0.0 other=0.3 | mix=484 decay=618 tone=741 freeze=0 updates=0 overloads=0 blocks=1000/1000
controls pots=601 484 617 741 cv1=1(raw 999) cv2=1(raw 999)
staging copies=430 failures=0 stack_free=16620 mdma_lists=210633 mdma_errors=0 mdma_status=0x0 mdma_maxpolls=2431 list=231/394 us timed=1000
load program=5 lines=8 mixed=0 avg=62.6% max=62.9% | input=0.6 predelay=0.7 taps=3.8 early=4.2 linemix=1.6 linedelay=3.6 linediff=33.1 linefilt=2.7 out=1.3 ctrl=0.1 param=0.0 clip=1.5 stage=8.3 wait=0.0 other=0.3 | mix=908 decay=618 tone=741 freeze=0 updates=0 overloads=0 blocks=1000/1000
controls pots=601 908 617 741 cv1=1(raw 999) cv2=1(raw 999)
staging copies=420 failures=0 stack_free=16620 mdma_lists=211633 mdma_errors=0 mdma_status=0x0 mdma_maxpolls=2431 list=226/8947233 us timed=1000
load program=5 lines=8 mixed=0 avg=62.6% max=62.9% | input=0.6 predelay=0.7 taps=3.8 early=4.2 linemix=1.6 linedelay=3.6 linediff=33.1 linefilt=2.7 out=1.3 ctrl=0.1 param=0.0 clip=1.5 stage=8.3 wait=0.0 other=0.3 | mix=1000 decay=618 tone=741 freeze=0 updates=0 overloads=0 blocks=1000/1000
controls pots=601 1000 617 741 cv1=1(raw 999) cv2=1(raw 999)
staging copies=426 failures=0 stack_free=16620 mdma_lists=212633 mdma_errors=0 mdma_status=0x0 mdma_maxpolls=2431 list=227/8947234 us timed=1000
load program=5 lines=8 mixed=0 avg=62.5% max=62.9% | input=0.6 predelay=0.7 taps=3.8 early=4.2 linemix=1.6 linedelay=3.6 linediff=33.1 linefilt=2.7 out=1.3 ctrl=0.1 param=0.0 clip=1.5 stage=8.3 wait=0.0 other=0.3 | mix=1000 decay=618 tone=741 freeze=0 updates=0 overloads=0 blocks=1000/1000
controls pots=601 1000 617 741 cv1=1(raw 999) cv2=1(raw 999)
staging copies=421 failures=0 stack_free=16620 mdma_lists=213633 mdma_errors=0 mdma_status=0x0 mdma_maxpolls=2431 list=233/8947233 us timed=1000
load program=5 lines=8 mixed=0 avg=62.6% max=62.9% | input=0.6 predelay=0.7 taps=3.8 early=4.2 linemix=1.6 linedelay=3.6 linediff=33.1 linefilt=2.7 out=1.3 ctrl=0.1 param=0.0 clip=1.5 stage=8.4 wait=0.0 other=0.3 | mix=1000 decay=618 tone=741 freeze=0 updates=0 overloads=0 blocks=1000/1000
controls pots=601 1000 617 741 cv1=1(raw 999) cv2=1(raw 999)
staging copies=424 failures=0 stack_free=16620 mdma_lists=214633 mdma_errors=0 mdma_status=0x0 mdma_maxpolls=2431 list=229/8947234 us timed=1000
load program=5 lines=8 mixed=0 avg=62.6% max=63.0% | input=0.6 predelay=0.7 taps=3.8 early=4.2 linemix=1.6 linedelay=3.6 linediff=33.1 linefilt=2.7 out=1.3 ctrl=0.1 param=0.0 clip=1.5 stage=8.3 wait=0.0 other=0.3 | mix=729 decay=618 tone=741 freeze=0 updates=0 overloads=0 blocks=1000/1000
controls pots=601 729 617 741 cv1=1(raw 999) cv2=1(raw 999)
staging copies=426 failures=0 stack_free=16620 mdma_lists=215633 mdma_errors=0 mdma_status=0x0 mdma_maxpolls=2431 list=224/8947233 us timed=1000
load program=5 lines=8 mixed=0 avg=62.6% max=64.2% | input=0.6 predelay=0.7 taps=3.8 early=4.2 linemix=1.6 linedelay=3.6 linediff=33.1 linefilt=2.7 out=1.3 ctrl=0.1 param=0.0 clip=1.5 stage=8.4 wait=0.0 other=0.3 | mix=629 decay=602 tone=741 freeze=0 updates=12 overloads=0 blocks=1000/1000
controls pots=601 629 602 741 cv1=1(raw 999) cv2=1(raw 999)
staging copies=426 failures=0 stack_free=16620 mdma_lists=216633 mdma_errors=0 mdma_status=0x0 mdma_maxpolls=2431 list=223/8947234 us timed=1000
load program=5 lines=8 mixed=0 avg=63.0% max=64.2% | input=0.6 predelay=0.7 taps=3.9 early=4.2 linemix=1.6 linedelay=3.6 linediff=33.1 linefilt=2.7 out=1.3 ctrl=0.1 param=0.2 clip=1.5 stage=8.4 wait=0.1 other=0.3 | mix=629 decay=277 tone=683 freeze=0 updates=269 overloads=0 blocks=1000/1000
controls pots=601 629 276 683 cv1=1(raw 999) cv2=1(raw 999)
staging copies=438 failures=0 stack_free=16620 mdma_lists=217633 mdma_errors=0 mdma_status=0x0 mdma_maxpolls=2431 list=217/8947233 us timed=1000
load program=5 lines=8 mixed=0 avg=62.6% max=63.2% | input=0.6 predelay=0.7 taps=3.8 early=4.2 linemix=1.6 linedelay=3.6 linediff=33.1 linefilt=2.7 out=1.3 ctrl=0.1 param=0.0 clip=1.5 stage=8.4 wait=0.0 other=0.3 | mix=629 decay=277 tone=538 freeze=0 updates=116 overloads=0 blocks=1000/1000
controls pots=602 629 276 538 cv1=1(raw 999) cv2=1(raw 999)
staging copies=429 failures=0 stack_free=16620 mdma_lists=218633 mdma_errors=0 mdma_status=0x0 mdma_maxpolls=2431 list=220/8947234 us timed=1000
load program=5 lines=8 mixed=0 avg=62.6% max=62.9% | input=0.6 predelay=0.7 taps=3.8 early=4.2 linemix=1.6 linedelay=3.6 linediff=33.1 linefilt=2.7 out=1.3 ctrl=0.1 param=0.0 clip=1.5 stage=8.3 wait=0.0 other=0.3 | mix=629 decay=277 tone=538 freeze=0 updates=0 overloads=0 blocks=1000/1000
controls pots=633 629 276 538 cv1=1(raw 999) cv2=1(raw 999)
staging copies=428 failures=0 stack_free=16620 mdma_lists=219633 mdma_errors=0 mdma_status=0x0 mdma_maxpolls=2431 list=228/8947233 us timed=1000
load program=5 lines=8 mixed=0 avg=62.6% max=62.8% | input=0.6 predelay=0.7 taps=3.8 early=4.2 linemix=1.6 linedelay=3.6 linediff=33.1 linefilt=2.7 out=1.3 ctrl=0.1 param=0.0 clip=1.5 stage=8.4 wait=0.0 other=0.3 | mix=629 decay=277 tone=538 freeze=0 updates=0 overloads=0 blocks=1000/1000
controls pots=633 629 276 538 cv1=1(raw 999) cv2=1(raw 999)
staging copies=424 failures=0 stack_free=16620 mdma_lists=220633 mdma_errors=0 mdma_status=0x0 mdma_maxpolls=2431 list=232/8947233 us timed=1000
load program=5 lines=8 mixed=0 avg=62.6% max=62.9% | input=0.6 predelay=0.7 taps=3.9 early=4.2 linemix=1.6 linedelay=3.6 linediff=33.1 linefilt=2.7 out=1.3 ctrl=0.1 param=0.0 clip=1.5 stage=8.3 wait=0.0 other=0.3 | mix=629 decay=277 tone=538 freeze=0 updates=0 overloads=0 blocks=1000/1000
controls pots=693 629 276 538 cv1=1(raw 999) cv2=1(raw 999)
staging copies=421 failures=0 stack_free=16620 mdma_lists=221633 mdma_errors=0 mdma_status=0x0 mdma_maxpolls=2431 list=218/8947235 us timed=1000
program 6 "The 90s Are Back" lines=9 limit=9 early=5 late=0 taps=1 predelay=0
  mod=eld interp=1 filters=-l-Hc latetap=1 streams=42 sdram=11 placed=399+219KB unplaced=7 clock=480MHz
  staging=mdma sets=1 staged=30 unstaged=2 taps=0 copies<=86 tcm=11/87KB itcm=ok
load program=5 lines=8 mixed=1 avg=47.4% max=63.0% | input=0.6 predelay=0.7 taps=2.5 early=3.4 linemix=1.6 linedelay=3.6 linediff=19.6 linefilt=3.8 out=1.3 ctrl=0.1 param=0.0 clip=1.4 stage=5.4 wait=0.0 other=0.3 | mix=629 decay=277 tone=538 freeze=0 updates=2 overloads=0 blocks=947/1000
controls pots=734 629 276 538 cv1=1(raw 999) cv2=1(raw 999)
staging copies=59 failures=0 stack_free=16620 mdma_lists=222581 mdma_errors=0 mdma_status=0x0 mdma_maxpolls=3366 list=162/8947232 us timed=948
load program=6 lines=9 mixed=0 avg=21.8% max=21.9% | input=0.6 predelay=0.7 taps=0.6 early=2.6 linemix=1.8 linedelay=4.1 linediff=0.0 linefilt=6.3 out=1.4 ctrl=0.1 param=0.0 clip=1.5 stage=1.3 wait=0.0 other=0.3 | mix=629 decay=277 tone=538 freeze=0 updates=0 overloads=0 blocks=1000/1000
controls pots=734 629 276 538 cv1=1(raw 999) cv2=1(raw 999)
staging copies=58 failures=0 stack_free=16620 mdma_lists=223581 mdma_errors=0 mdma_status=0x0 mdma_maxpolls=3366 list=54/56 us timed=1000
load program=6 lines=9 mixed=0 avg=21.8% max=21.9% | input=0.6 predelay=0.7 taps=0.6 early=2.6 linemix=1.8 linedelay=4.1 linediff=0.0 linefilt=6.3 out=1.4 ctrl=0.1 param=0.0 clip=1.5 stage=1.3 wait=0.0 other=0.3 | mix=843 decay=277 tone=538 freeze=0 updates=0 overloads=0 blocks=1000/1000
controls pots=734 843 276 538 cv1=1(raw 999) cv2=1(raw 999)
staging copies=58 failures=0 stack_free=16620 mdma_lists=224581 mdma_errors=0 mdma_status=0x0 mdma_maxpolls=3366 list=54/56 us timed=1000
load program=6 lines=9 mixed=0 avg=21.8% max=21.9% | input=0.6 predelay=0.7 taps=0.6 early=2.6 linemix=1.8 linedelay=4.1 linediff=0.0 linefilt=6.3 out=1.4 ctrl=0.1 param=0.0 clip=1.5 stage=1.3 wait=0.0 other=0.3 | mix=1000 decay=277 tone=538 freeze=0 updates=0 overloads=0 blocks=1000/1000
controls pots=734 1000 276 538 cv1=1(raw 999) cv2=1(raw 999)
staging copies=58 failures=0 stack_free=16620 mdma_lists=225581 mdma_errors=0 mdma_status=0x0 mdma_maxpolls=3366 list=54/56 us timed=1000
load program=6 lines=9 mixed=0 avg=21.8% max=21.9% | input=0.6 predelay=0.7 taps=0.6 early=2.6 linemix=1.8 linedelay=4.1 linediff=0.0 linefilt=6.2 out=1.4 ctrl=0.1 param=0.0 clip=1.5 stage=1.3 wait=0.0 other=0.3 | mix=1000 decay=277 tone=538 freeze=0 updates=0 overloads=0 blocks=1000/1000
controls pots=734 1000 276 538 cv1=1(raw 999) cv2=1(raw 999)
staging copies=58 failures=0 stack_free=16620 mdma_lists=226581 mdma_errors=0 mdma_status=0x0 mdma_maxpolls=3366 list=54/56 us timed=1000
load program=6 lines=9 mixed=0 avg=21.8% max=21.9% | input=0.6 predelay=0.7 taps=0.6 early=2.6 linemix=1.8 linedelay=4.1 linediff=0.0 linefilt=6.3 out=1.4 ctrl=0.1 param=0.0 clip=1.5 stage=1.3 wait=0.0 other=0.3 | mix=1000 decay=277 tone=538 freeze=0 updates=0 overloads=0 blocks=1000/1000
controls pots=734 1000 276 538 cv1=1(raw 999) cv2=1(raw 999)
staging copies=58 failures=0 stack_free=16620 mdma_lists=227581 mdma_errors=0 mdma_status=0x0 mdma_maxpolls=3366 list=54/56 us timed=1000
load program=6 lines=9 mixed=0 avg=22.1% max=23.2% | input=0.6 predelay=0.7 taps=0.6 early=2.7 linemix=1.8 linedelay=4.1 linediff=0.0 linefilt=6.3 out=1.4 ctrl=0.1 param=0.2 clip=1.5 stage=1.3 wait=0.0 other=0.3 | mix=1000 decay=477 tone=538 freeze=0 updates=249 overloads=0 blocks=1000/1000
controls pots=734 1000 476 538 cv1=1(raw 999) cv2=1(raw 999)
staging copies=58 failures=0 stack_free=16620 mdma_lists=228581 mdma_errors=0 mdma_status=0x0 mdma_maxpolls=3366 list=54/56 us timed=1000
load program=6 lines=9 mixed=0 avg=22.0% max=23.2% | input=0.6 predelay=0.7 taps=0.6 early=2.7 linemix=1.8 linedelay=4.1 linediff=0.0 linefilt=6.3 out=1.4 ctrl=0.1 param=0.2 clip=1.5 stage=1.3 wait=0.0 other=0.3 | mix=1000 decay=702 tone=538 freeze=0 updates=181 overloads=0 blocks=1000/1000
controls pots=734 1000 701 538 cv1=1(raw 999) cv2=1(raw 999)
staging copies=58 failures=0 stack_free=16620 mdma_lists=229581 mdma_errors=0 mdma_status=0x0 mdma_maxpolls=3366 list=54/56 us timed=1000
load program=6 lines=9 mixed=0 avg=21.8% max=23.3% | input=0.6 predelay=0.7 taps=0.6 early=2.6 linemix=1.8 linedelay=4.1 linediff=0.0 linefilt=6.3 out=1.4 ctrl=0.1 param=0.0 clip=1.5 stage=1.3 wait=0.0 other=0.3 | mix=1000 decay=775 tone=587 freeze=0 updates=92 overloads=0 blocks=1000/1000
controls pots=734 1000 774 587 cv1=1(raw 999) cv2=1(raw 999)
staging copies=59 failures=0 stack_free=16620 mdma_lists=230581 mdma_errors=0 mdma_status=0x0 mdma_maxpolls=3366 list=54/56 us timed=1000
load program=6 lines=9 mixed=0 avg=21.8% max=22.1% | input=0.6 predelay=0.7 taps=0.6 early=2.7 linemix=1.8 linedelay=4.1 linediff=0.0 linefilt=6.3 out=1.4 ctrl=0.1 param=0.1 clip=1.5 stage=1.3 wait=0.0 other=0.3 | mix=1000 decay=775 tone=1000 freeze=0 updates=344 overloads=0 blocks=1000/1000
controls pots=734 1000 774 1000 cv1=1(raw 999) cv2=1(raw 999)
staging copies=58 failures=0 stack_free=16620 mdma_lists=231581 mdma_errors=0 mdma_status=0x0 mdma_maxpolls=3366 list=54/56 us timed=1000
load program=6 lines=9 mixed=0 avg=21.8% max=22.0% | input=0.6 predelay=0.7 taps=0.6 early=2.6 linemix=1.8 linedelay=4.1 linediff=0.0 linefilt=6.3 out=1.4 ctrl=0.1 param=0.0 clip=1.5 stage=1.3 wait=0.0 other=0.3 | mix=1000 decay=775 tone=1000 freeze=0 updates=0 overloads=0 blocks=1000/1000
controls pots=734 1000 774 1000 cv1=1(raw 999) cv2=1(raw 999)
staging copies=58 failures=0 stack_free=16620 mdma_lists=232581 mdma_errors=0 mdma_status=0x0 mdma_maxpolls=3366 list=54/56 us timed=1000
load program=6 lines=9 mixed=0 avg=22.0% max=23.2% | input=0.6 predelay=0.7 taps=0.6 early=2.7 linemix=1.8 linedelay=4.1 linediff=0.0 linefilt=6.3 out=1.4 ctrl=0.1 param=0.2 clip=1.5 stage=1.3 wait=0.0 other=0.3 | mix=1000 decay=1000 tone=1000 freeze=0 updates=172 overloads=0 blocks=1000/1000
controls pots=734 1000 1000 1000 cv1=1(raw 999) cv2=1(raw 999)
staging copies=59 failures=0 stack_free=16620 mdma_lists=233581 mdma_errors=0 mdma_status=0x0 mdma_maxpolls=3366 list=54/56 us timed=1000
load program=6 lines=9 mixed=0 avg=21.8% max=21.9% | input=0.6 predelay=0.7 taps=0.6 early=2.6 linemix=1.8 linedelay=4.1 linediff=0.0 linefilt=6.3 out=1.4 ctrl=0.1 param=0.0 clip=1.5 stage=1.3 wait=0.0 other=0.3 | mix=1000 decay=1000 tone=1000 freeze=0 updates=0 overloads=0 blocks=1000/1000
controls pots=758 1000 1000 1000 cv1=1(raw 999) cv2=1(raw 999)
staging copies=58 failures=0 stack_free=16620 mdma_lists=234581 mdma_errors=0 mdma_status=0x0 mdma_maxpolls=3366 list=54/56 us timed=1000
program 7 "Dull Echoes" lines=12 limit=12 early=4 late=0 taps=18 predelay=3360
  mod=eld interp=1 filters=-l--c latetap=0 streams=66 sdram=0 placed=419+93KB unplaced=0 clock=480MHz
  staging=mdma sets=1 staged=36 unstaged=0 taps=34 copies<=172 tcm=20/87KB itcm=ok
load program=6 lines=9 mixed=1 avg=22.8% max=25.2% | input=0.6 predelay=0.5 taps=1.5 early=2.2 linemix=2.1 linedelay=4.9 linediff=0.0 linefilt=4.5 out=1.6 ctrl=0.1 param=0.0 clip=1.4 stage=1.9 wait=0.0 other=0.3 | mix=1000 decay=1000 tone=1000 freeze=0 updates=2 overloads=0 blocks=974/1000
controls pots=830 1000 1000 1000 cv1=1(raw 999) cv2=1(raw 999)
staging copies=104 failures=0 stack_free=16620 mdma_lists=235556 mdma_errors=0 mdma_status=0x0 mdma_maxpolls=3366 list=73/81 us timed=975
load program=7 lines=12 mixed=0 avg=23.1% max=23.3% | input=0.6 predelay=0.4 taps=1.9 early=2.1 linemix=2.4 linedelay=5.4 linediff=0.0 linefilt=4.0 out=1.7 ctrl=0.1 param=0.0 clip=1.5 stage=2.1 wait=0.0 other=0.3 | mix=1000 decay=1000 tone=1000 freeze=0 updates=0 overloads=0 blocks=1000/1000
controls pots=830 1000 1000 1000 cv1=1(raw 999) cv2=1(raw 999)
staging copies=105 failures=0 stack_free=16620 mdma_lists=236556 mdma_errors=0 mdma_status=0x0 mdma_maxpolls=3366 list=80/81 us timed=1000
load program=7 lines=12 mixed=0 avg=23.1% max=23.4% | input=0.6 predelay=0.4 taps=1.9 early=2.1 linemix=2.4 linedelay=5.4 linediff=0.0 linefilt=4.0 out=1.7 ctrl=0.1 param=0.0 clip=1.5 stage=2.1 wait=0.0 other=0.3 | mix=1000 decay=1000 tone=992 freeze=0 updates=7 overloads=0 blocks=1000/1000
controls pots=830 1000 1000 992 cv1=1(raw 999) cv2=1(raw 999)
staging copies=104 failures=0 stack_free=16620 mdma_lists=237556 mdma_errors=0 mdma_status=0x0 mdma_maxpolls=3366 list=80/81 us timed=1000
load program=7 lines=12 mixed=0 avg=23.1% max=24.6% | input=0.6 predelay=0.4 taps=1.9 early=2.1 linemix=2.4 linedelay=5.4 linediff=0.0 linefilt=4.0 out=1.7 ctrl=0.1 param=0.0 clip=1.5 stage=2.1 wait=0.0 other=0.3 | mix=1000 decay=980 tone=991 freeze=0 updates=17 overloads=0 blocks=1000/1000
controls pots=830 1000 979 991 cv1=1(raw 999) cv2=1(raw 999)
staging copies=104 failures=0 stack_free=16620 mdma_lists=238556 mdma_errors=0 mdma_status=0x0 mdma_maxpolls=3366 list=80/81 us timed=1000
load program=7 lines=12 mixed=0 avg=23.2% max=24.6% | input=0.6 predelay=0.4 taps=1.9 early=2.1 linemix=2.4 linedelay=5.4 linediff=0.0 linefilt=4.0 out=1.7 ctrl=0.1 param=0.1 clip=1.5 stage=2.1 wait=0.0 other=0.3 | mix=1000 decay=859 tone=991 freeze=0 updates=106 overloads=0 blocks=1000/1000
controls pots=830 1000 859 991 cv1=1(raw 999) cv2=1(raw 999)
staging copies=105 failures=0 stack_free=16620 mdma_lists=239556 mdma_errors=0 mdma_status=0x0 mdma_maxpolls=3366 list=80/81 us timed=1000
load program=7 lines=12 mixed=0 avg=23.1% max=23.5% | input=0.6 predelay=0.4 taps=1.9 early=2.1 linemix=2.4 linedelay=5.4 linediff=0.0 linefilt=4.0 out=1.7 ctrl=0.1 param=0.0 clip=1.5 stage=2.1 wait=0.0 other=0.3 | mix=1000 decay=859 tone=944 freeze=0 updates=44 overloads=0 blocks=1000/1000
controls pots=830 1000 859 944 cv1=1(raw 999) cv2=1(raw 999)
staging copies=104 failures=0 stack_free=16620 mdma_lists=240556 mdma_errors=0 mdma_status=0x0 mdma_maxpolls=3366 list=80/81 us timed=1000
load program=7 lines=12 mixed=0 avg=23.1% max=23.3% | input=0.6 predelay=0.4 taps=1.9 early=2.1 linemix=2.4 linedelay=5.4 linediff=0.0 linefilt=4.0 out=1.7 ctrl=0.1 param=0.0 clip=1.5 stage=2.1 wait=0.0 other=0.3 | mix=1000 decay=860 tone=944 freeze=0 updates=0 overloads=0 blocks=1000/1000
controls pots=830 1000 859 944 cv1=1(raw 999) cv2=1(raw 999)
staging copies=106 failures=0 stack_free=16620 mdma_lists=241556 mdma_errors=0 mdma_status=0x0 mdma_maxpolls=3366 list=80/81 us timed=1000
load program=7 lines=12 mixed=0 avg=23.1% max=23.3% | input=0.6 predelay=0.4 taps=1.9 early=2.1 linemix=2.4 linedelay=5.4 linediff=0.0 linefilt=4.0 out=1.7 ctrl=0.1 param=0.0 clip=1.5 stage=2.1 wait=0.0 other=0.3 | mix=1000 decay=859 tone=944 freeze=0 updates=0 overloads=0 blocks=1000/1000
controls pots=830 1000 859 944 cv1=1(raw 999) cv2=1(raw 999)
staging copies=105 failures=0 stack_free=16620 mdma_lists=242556 mdma_errors=0 mdma_status=0x0 mdma_maxpolls=3366 list=80/81 us timed=1000
load program=7 lines=12 mixed=0 avg=23.2% max=24.6% | input=0.6 predelay=0.4 taps=1.9 early=2.1 linemix=2.4 linedelay=5.4 linediff=0.0 linefilt=4.0 out=1.7 ctrl=0.1 param=0.0 clip=1.5 stage=2.1 wait=0.0 other=0.3 | mix=1000 decay=814 tone=944 freeze=0 updates=42 overloads=0 blocks=1000/1000
controls pots=830 1000 813 944 cv1=1(raw 999) cv2=1(raw 999)
staging copies=105 failures=0 stack_free=16620 mdma_lists=243556 mdma_errors=0 mdma_status=0x0 mdma_maxpolls=3366 list=80/81 us timed=1000
load program=7 lines=12 mixed=0 avg=23.2% max=24.6% | input=0.6 predelay=0.4 taps=1.9 early=2.1 linemix=2.4 linedelay=5.4 linediff=0.0 linefilt=4.0 out=1.7 ctrl=0.1 param=0.1 clip=1.5 stage=2.1 wait=0.0 other=0.3 | mix=1000 decay=705 tone=942 freeze=0 updates=95 overloads=0 blocks=1000/1000
controls pots=830 1000 704 942 cv1=1(raw 999) cv2=1(raw 999)
staging copies=104 failures=0 stack_free=16620 mdma_lists=244556 mdma_errors=0 mdma_status=0x0 mdma_maxpolls=3366 list=80/81 us timed=1000
load program=7 lines=12 mixed=0 avg=23.1% max=23.4% | input=0.6 predelay=0.4 taps=1.9 early=2.1 linemix=2.4 linedelay=5.4 linediff=0.0 linefilt=4.0 out=1.7 ctrl=0.1 param=0.0 clip=1.5 stage=2.1 wait=0.0 other=0.3 | mix=1000 decay=705 tone=922 freeze=0 updates=20 overloads=0 blocks=1000/1000
controls pots=830 1000 704 922 cv1=1(raw 999) cv2=1(raw 999)
staging copies=104 failures=0 stack_free=16620 mdma_lists=245556 mdma_errors=0 mdma_status=0x0 mdma_maxpolls=3366 list=80/81 us timed=1000
program 8 "Chorus Delay" lines=12 limit=12 early=4 late=3 taps=18 predelay=3360
  mod=eld interp=0 filters=----c latetap=1 streams=138 sdram=33 placed=431+217KB unplaced=23 clock=480MHz
  staging=mdma sets=1 staged=108 unstaged=0 taps=34 copies<=388 tcm=49/87KB itcm=ok
load program=7 lines=12 mixed=1 avg=29.2% max=44.2% | input=0.5 predelay=0.4 taps=1.7 early=2.0 linemix=2.2 linedelay=5.1 linediff=4.9 linefilt=3.8 out=1.6 ctrl=0.1 param=0.0 clip=1.4 stage=2.8 wait=0.0 other=0.3 | mix=1000 decay=705 tone=922 freeze=0 updates=2 overloads=0 blocks=939/1000
controls pots=953 1000 705 922 cv1=1(raw 999) cv2=1(raw 999)
staging copies=253 failures=0 stack_free=16620 mdma_lists=246496 mdma_errors=0 mdma_status=0x0 mdma_maxpolls=3366 list=127/235 us timed=940
load program=8 lines=12 mixed=0 avg=42.4% max=42.7% | input=0.3 predelay=0.4 taps=1.9 early=2.1 linemix=2.4 linedelay=5.4 linediff=16.7 linefilt=4.0 out=1.8 ctrl=0.1 param=0.0 clip=1.5 stage=4.9 wait=0.0 other=0.3 | mix=1000 decay=705 tone=922 freeze=0 updates=0 overloads=0 blocks=1000/1000
controls pots=1000 1000 704 922 cv1=1(raw 999) cv2=1(raw 999)
staging copies=250 failures=0 stack_free=16620 mdma_lists=247496 mdma_errors=0 mdma_status=0x0 mdma_maxpolls=3366 list=229/236 us timed=1000
load program=8 lines=12 mixed=0 avg=42.4% max=43.9% | input=0.3 predelay=0.4 taps=1.9 early=2.1 linemix=2.4 linedelay=5.4 linediff=16.7 linefilt=4.0 out=1.8 ctrl=0.1 param=0.0 clip=1.5 stage=4.9 wait=0.0 other=0.3 | mix=1000 decay=710 tone=922 freeze=0 updates=5 overloads=0 blocks=1000/1000
controls pots=1000 1000 710 922 cv1=1(raw 999) cv2=1(raw 999)
staging copies=250 failures=0 stack_free=16620 mdma_lists=248496 mdma_errors=0 mdma_status=0x0 mdma_maxpolls=3366 list=229/237 us timed=1000
load program=8 lines=12 mixed=0 avg=42.4% max=42.6% | input=0.3 predelay=0.4 taps=1.9 early=2.1 linemix=2.4 linedelay=5.4 linediff=16.7 linefilt=4.0 out=1.8 ctrl=0.1 param=0.0 clip=1.5 stage=4.9 wait=0.0 other=0.3 | mix=1000 decay=710 tone=922 freeze=0 updates=0 overloads=0 blocks=1000/1000
controls pots=1000 1000 709 922 cv1=1(raw 999) cv2=1(raw 999)
staging copies=252 failures=0 stack_free=16620 mdma_lists=249496 mdma_errors=0 mdma_status=0x0 mdma_maxpolls=3366 list=229/236 us timed=1000
load program=8 lines=12 mixed=0 avg=42.7% max=44.0% | input=0.3 predelay=0.4 taps=1.9 early=2.1 linemix=2.4 linedelay=5.4 linediff=16.7 linefilt=4.0 out=1.8 ctrl=0.1 param=0.2 clip=1.5 stage=4.9 wait=0.0 other=0.3 | mix=1000 decay=943 tone=922 freeze=0 updates=196 overloads=0 blocks=1000/1000
controls pots=1000 1000 942 922 cv1=1(raw 999) cv2=1(raw 999)
staging copies=249 failures=0 stack_free=16620 mdma_lists=250496 mdma_errors=0 mdma_status=0x0 mdma_maxpolls=3366 list=229/236 us timed=1000
load program=8 lines=12 mixed=0 avg=42.4% max=44.0% | input=0.3 predelay=0.4 taps=1.9 early=2.1 linemix=2.4 linedelay=5.4 linediff=16.7 linefilt=4.0 out=1.8 ctrl=0.1 param=0.0 clip=1.5 stage=4.9 wait=0.0 other=0.3 | mix=1000 decay=1000 tone=922 freeze=0 updates=49 overloads=0 blocks=1000/1000
controls pots=1000 1000 1000 922 cv1=1(raw 999) cv2=1(raw 999)
staging copies=251 failures=0 stack_free=16620 mdma_lists=251496 mdma_errors=0 mdma_status=0x0 mdma_maxpolls=3366 list=229/237 us timed=1000
load program=8 lines=12 mixed=0 avg=42.4% max=42.8% | input=0.3 predelay=0.4 taps=1.9 early=2.1 linemix=2.4 linedelay=5.4 linediff=16.7 linefilt=4.0 out=1.8 ctrl=0.1 param=0.0 clip=1.5 stage=4.9 wait=0.0 other=0.3 | mix=1000 decay=1000 tone=964 freeze=0 updates=40 overloads=0 blocks=1000/1000
controls pots=1000 1000 1000 964 cv1=1(raw 999) cv2=1(raw 999)
staging copies=253 failures=0 stack_free=16620 mdma_lists=252496 mdma_errors=0 mdma_status=0x0 mdma_maxpolls=3366 list=229/236 us timed=1000
load program=8 lines=12 mixed=0 avg=42.4% max=42.8% | input=0.3 predelay=0.4 taps=1.9 early=2.1 linemix=2.4 linedelay=5.4 linediff=16.7 linefilt=4.0 out=1.8 ctrl=0.1 param=0.0 clip=1.5 stage=4.9 wait=0.0 other=0.3 | mix=1000 decay=1000 tone=1000 freeze=0 updates=32 overloads=0 blocks=1000/1000
controls pots=1000 1000 1000 1000 cv1=1(raw 999) cv2=1(raw 999)
staging copies=254 failures=0 stack_free=16620 mdma_lists=253496 mdma_errors=0 mdma_status=0x0 mdma_maxpolls=3366 list=229/235 us timed=1000
load program=8 lines=12 mixed=0 avg=42.4% max=42.6% | input=0.3 predelay=0.4 taps=1.9 early=2.1 linemix=2.4 linedelay=5.4 linediff=16.7 linefilt=4.0 out=1.8 ctrl=0.1 param=0.0 clip=1.5 stage=4.9 wait=0.0 other=0.3 | mix=1000 decay=1000 tone=1000 freeze=0 updates=0 overloads=0 blocks=1000/1000
controls pots=1000 1000 1000 1000 cv1=1(raw 999) cv2=1(raw 999)
staging copies=252 failures=0 stack_free=16620 mdma_lists=254496 mdma_errors=0 mdma_status=0x0 mdma_maxpolls=3366 list=229/237 us timed=1000
load program=8 lines=12 mixed=0 avg=42.4% max=42.5% | input=0.3 predelay=0.4 taps=1.9 early=2.1 linemix=2.4 linedelay=5.4 linediff=16.7 linefilt=4.0 out=1.8 ctrl=0.1 param=0.0 clip=1.5 stage=4.9 wait=0.0 other=0.3 | mix=1000 decay=1000 tone=1000 freeze=0 updates=0 overloads=0 blocks=1000/1000
controls pots=1000 1000 1000 1000 cv1=1(raw 999) cv2=1(raw 999)
staging copies=252 failures=0 stack_free=16620 mdma_lists=255496 mdma_errors=0 mdma_status=0x0 mdma_maxpolls=3366 list=229/236 us timed=1000
load program=8 lines=12 mixed=0 avg=42.4% max=42.6% | input=0.3 predelay=0.4 taps=1.9 early=2.1 linemix=2.4 linedelay=5.4 linediff=16.7 linefilt=4.0 out=1.8 ctrl=0.1 param=0.0 clip=1.5 stage=4.9 wait=0.0 other=0.3 | mix=1000 decay=1000 tone=1000 freeze=0 updates=0 overloads=0 blocks=1000/1000
controls pots=1000 1000 1000 1000 cv1=1(raw 999) cv2=1(raw 999)
staging copies=254 failures=0 stack_free=16620 mdma_lists=256496 mdma_errors=0 mdma_status=0x0 mdma_maxpolls=3366 list=229/236 us timed=1000
load program=8 lines=12 mixed=0 avg=42.4% max=42.5% | input=0.3 predelay=0.4 taps=1.9 early=2.1 linemix=2.4 linedelay=5.4 linediff=16.7 linefilt=4.0 out=1.8 ctrl=0.1 param=0.0 clip=1.5 stage=4.9 wait=0.0 other=0.3 | mix=1000 decay=1000 tone=1000 freeze=0 updates=0 overloads=0 blocks=1000/1000
controls pots=1000 1000 1000 1000 cv1=1(raw 999) cv2=1(raw 999)
staging copies=251 failures=0 stack_free=16620 mdma_lists=257496 mdma_errors=0 mdma_status=0x0 mdma_maxpolls=3366 list=229/237 us timed=1000
load program=8 lines=12 mixed=0 avg=42.4% max=42.6% | input=0.3 predelay=0.4 taps=1.9 early=2.1 linemix=2.4 linedelay=5.4 linediff=16.7 linefilt=4.0 out=1.8 ctrl=0.1 param=0.0 clip=1.5 stage=4.9 wait=0.0 other=0.3 | mix=1000 decay=1000 tone=1000 freeze=0 updates=0 overloads=0 blocks=1000/1000
controls pots=1000 1000 1000 1000 cv1=1(raw 999) cv2=1(raw 999)
staging copies=253 failures=0 stack_free=16620 mdma_lists=258496 mdma_errors=0 mdma_status=0x0 mdma_maxpolls=3366 list=229/236 us timed=1000
load program=8 lines=12 mixed=0 avg=42.4% max=42.6% | input=0.3 predelay=0.4 taps=1.9 early=2.1 linemix=2.4 linedelay=5.4 linediff=16.7 linefilt=4.0 out=1.8 ctrl=0.1 param=0.0 clip=1.5 stage=4.9 wait=0.0 other=0.3 | mix=1000 decay=1000 tone=1000 freeze=0 updates=0 overloads=0 blocks=1000/1000
controls pots=1000 1000 1000 1000 cv1=1(raw 999) cv2=1(raw 999)
staging copies=255 failures=0 stack_free=16620 mdma_lists=259496 mdma_errors=0 mdma_status=0x0 mdma_maxpolls=3366 list=229/236 us timed=1000
load program=8 lines=12 mixed=0 avg=42.4% max=42.6% | input=0.3 predelay=0.4 taps=1.9 early=2.1 linemix=2.4 linedelay=5.4 linediff=16.7 linefilt=4.0 out=1.8 ctrl=0.1 param=0.0 clip=1.5 stage=4.9 wait=0.0 other=0.3 | mix=1000 decay=1000 tone=1000 freeze=0 updates=0 overloads=0 blocks=1000/1000
controls pots=1000 1000 1000 1000 cv1=1(raw 999) cv2=1(raw 999)
staging copies=254 failures=0 stack_free=16620 mdma_lists=260496 mdma_errors=0 mdma_status=0x0 mdma_maxpolls=3366 list=229/237 us timed=1000
load program=8 lines=12 mixed=0 avg=42.4% max=42.6% | input=0.3 predelay=0.4 taps=1.9 early=2.1 linemix=2.4 linedelay=5.4 linediff=16.7 linefilt=4.0 out=1.8 ctrl=0.1 param=0.0 clip=1.5 stage=4.9 wait=0.0 other=0.3 | mix=1000 decay=1000 tone=1000 freeze=0 updates=0 overloads=0 blocks=1000/1000
controls pots=1000 1000 1000 1000 cv1=1(raw 999) cv2=1(raw 999)
staging copies=251 failures=0 stack_free=16620 mdma_lists=261496 mdma_errors=0 mdma_status=0x0 mdma_maxpolls=3366 list=229/236 us timed=1000
load program=8 lines=12 mixed=0 avg=42.4% max=42.6% | input=0.3 predelay=0.4 taps=1.9 early=2.1 linemix=2.4 linedelay=5.4 linediff=16.7 linefilt=4.0 out=1.8 ctrl=0.1 param=0.0 clip=1.5 stage=4.9 wait=0.0 other=0.3 | mix=706 decay=1000 tone=1000 freeze=0 updates=0 overloads=0 blocks=1000/1000
controls pots=1000 706 1000 1000 cv1=1(raw 999) cv2=1(raw 999)
staging copies=250 failures=0 stack_free=16620 mdma_lists=262496 mdma_errors=0 mdma_status=0x0 mdma_maxpolls=3366 list=229/236 us timed=1000
load program=8 lines=12 mixed=0 avg=42.4% max=42.6% | input=0.3 predelay=0.4 taps=1.9 early=2.1 linemix=2.4 linedelay=5.4 linediff=16.7 linefilt=4.0 out=1.8 ctrl=0.1 param=0.0 clip=1.5 stage=4.9 wait=0.0 other=0.3 | mix=563 decay=1000 tone=1000 freeze=0 updates=0 overloads=0 blocks=1000/1000
controls pots=1000 563 1000 1000 cv1=1(raw 999) cv2=1(raw 999)
staging copies=255 failures=0 stack_free=16620 mdma_lists=263496 mdma_errors=0 mdma_status=0x0 mdma_maxpolls=3366 list=229/236 us timed=1000
load program=8 lines=12 mixed=0 avg=42.4% max=42.7% | input=0.3 predelay=0.4 taps=1.9 early=2.1 linemix=2.4 linedelay=5.4 linediff=16.7 linefilt=4.0 out=1.8 ctrl=0.1 param=0.0 clip=1.5 stage=4.9 wait=0.0 other=0.3 | mix=563 decay=1000 tone=1000 freeze=0 updates=0 overloads=0 blocks=1000/1000
controls pots=1000 563 1000 1000 cv1=1(raw 999) cv2=1(raw 999)
staging copies=252 failures=0 stack_free=16620 mdma_lists=264496 mdma_errors=0 mdma_status=0x0 mdma_maxpolls=3366 list=229/235 us timed=1000
load program=8 lines=12 mixed=0 avg=42.4% max=42.5% | input=0.3 predelay=0.4 taps=1.9 early=2.1 linemix=2.4 linedelay=5.4 linediff=16.7 linefilt=4.0 out=1.8 ctrl=0.1 param=0.0 clip=1.5 stage=4.9 wait=0.0 other=0.3 | mix=499 decay=1000 tone=1000 freeze=0 updates=0 overloads=0 blocks=1000/1000
controls pots=1000 499 1000 1000 cv1=1(raw 999) cv2=1(raw 999)
staging copies=252 failures=0 stack_free=16620 mdma_lists=265496 mdma_errors=0 mdma_status=0x0 mdma_maxpolls=3366 list=229/236 us timed=1000
load program=8 lines=12 mixed=0 avg=42.4% max=42.6% | input=0.3 predelay=0.4 taps=1.9 early=2.1 linemix=2.4 linedelay=5.4 linediff=16.7 linefilt=4.0 out=1.8 ctrl=0.1 param=0.0 clip=1.5 stage=4.9 wait=0.0 other=0.3 | mix=499 decay=1000 tone=1000 freeze=0 updates=0 overloads=0 blocks=1000/1000
controls pots=1000 499 1000 1000 cv1=1(raw 999) cv2=1(raw 999)
staging copies=252 failures=0 stack_free=16620 mdma_lists=266496 mdma_errors=0 mdma_status=0x0 mdma_maxpolls=3366 list=229/237 us timed=1000
load program=8 lines=12 mixed=0 avg=42.7% max=43.9% | input=0.3 predelay=0.4 taps=1.9 early=2.1 linemix=2.4 linedelay=5.4 linediff=16.7 linefilt=4.0 out=1.8 ctrl=0.1 param=0.2 clip=1.5 stage=4.9 wait=0.0 other=0.3 | mix=499 decay=747 tone=1000 freeze=0 updates=206 overloads=0 blocks=1000/1000
controls pots=1000 499 747 1000 cv1=1(raw 999) cv2=1(raw 999)
staging copies=256 failures=0 stack_free=16620 mdma_lists=267496 mdma_errors=0 mdma_status=0x0 mdma_maxpolls=3366 list=229/236 us timed=1000
load program=8 lines=12 mixed=0 avg=42.6% max=44.0% | input=0.3 predelay=0.4 taps=1.9 early=2.1 linemix=2.4 linedelay=5.4 linediff=16.7 linefilt=4.0 out=1.8 ctrl=0.1 param=0.1 clip=1.5 stage=4.9 wait=0.0 other=0.3 | mix=499 decay=595 tone=1000 freeze=0 updates=133 overloads=0 blocks=1000/1000
controls pots=1000 499 594 1000 cv1=1(raw 999) cv2=1(raw 999)
staging copies=250 failures=0 stack_free=16620 mdma_lists=268496 mdma_errors=0 mdma_status=0x0 mdma_maxpolls=3366 list=229/237 us timed=1000
load program=8 lines=12 mixed=0 avg=42.4% max=42.8% | input=0.3 predelay=0.4 taps=1.9 early=2.1 linemix=2.4 linedelay=5.4 linediff=16.7 linefilt=4.0 out=1.8 ctrl=0.1 param=0.0 clip=1.5 stage=4.9 wait=0.0 other=0.3 | mix=499 decay=595 tone=881 freeze=0 updates=101 overloads=0 blocks=1000/1000
controls pots=1000 499 595 881 cv1=1(raw 999) cv2=1(raw 999)
staging copies=258 failures=0 stack_free=16620 mdma_lists=269496 mdma_errors=0 mdma_status=0x0 mdma_maxpolls=3366 list=229/236 us timed=1000
load program=8 lines=12 mixed=0 avg=42.4% max=42.9% | input=0.3 predelay=0.4 taps=1.9 early=2.1 linemix=2.4 linedelay=5.4 linediff=16.7 linefilt=4.0 out=1.8 ctrl=0.1 param=0.0 clip=1.5 stage=4.9 wait=0.0 other=0.3 | mix=499 decay=595 tone=806 freeze=0 updates=67 overloads=0 blocks=1000/1000
controls pots=1000 499 595 806 cv1=1(raw 999) cv2=1(raw 999)
staging copies=252 failures=0 stack_free=16620 mdma_lists=270496 mdma_errors=0 mdma_status=0x0 mdma_maxpolls=3366 list=229/236 us timed=1000
load program=8 lines=12 mixed=0 avg=42.4% max=42.6% | input=0.3 predelay=0.4 taps=1.9 early=2.1 linemix=2.4 linedelay=5.4 linediff=16.7 linefilt=4.0 out=1.8 ctrl=0.1 param=0.0 clip=1.5 stage=4.9 wait=0.0 other=0.3 | mix=499 decay=595 tone=806 freeze=0 updates=0 overloads=0 blocks=1000/1000
controls pots=1000 499 595 806 cv1=1(raw 999) cv2=1(raw 999)
staging copies=252 failures=0 stack_free=16620 mdma_lists=271496 mdma_errors=0 mdma_status=0x0 mdma_maxpolls=3366 list=229/237 us timed=1000
load program=8 lines=12 mixed=0 avg=42.4% max=42.6% | input=0.3 predelay=0.4 taps=1.9 early=2.1 linemix=2.4 linedelay=5.4 linediff=16.7 linefilt=4.0 out=1.8 ctrl=0.1 param=0.0 clip=1.5 stage=4.9 wait=0.0 other=0.3 | mix=499 decay=596 tone=806 freeze=0 updates=0 overloads=0 blocks=1000/1000
controls pots=1000 499 595 806 cv1=1(raw 999) cv2=1(raw 999)
staging copies=252 failures=0 stack_free=16620 mdma_lists=272496 mdma_errors=0 mdma_status=0x0 mdma_maxpolls=3366 list=229/236 us timed=1000
load program=8 lines=12 mixed=0 avg=42.4% max=42.6% | input=0.3 predelay=0.4 taps=1.9 early=2.1 linemix=2.4 linedelay=5.4 linediff=16.7 linefilt=4.0 out=1.8 ctrl=0.1 param=0.0 clip=1.5 stage=4.9 wait=0.0 other=0.3 | mix=499 decay=596 tone=806 freeze=0 updates=0 overloads=0 blocks=1000/1000
controls pots=1000 499 595 806 cv1=1(raw 999) cv2=1(raw 999)
staging copies=249 failures=0 stack_free=16620 mdma_lists=273496 mdma_errors=0 mdma_status=0x0 mdma_maxpolls=3366 list=229/236 us timed=1000
load program=8 lines=12 mixed=0 avg=42.4% max=42.7% | input=0.3 predelay=0.4 taps=1.9 early=2.1 linemix=2.4 linedelay=5.4 linediff=16.7 linefilt=4.0 out=1.8 ctrl=0.1 param=0.0 clip=1.5 stage=4.9 wait=0.0 other=0.3 | mix=499 decay=595 tone=806 freeze=0 updates=0 overloads=0 blocks=1000/1000
controls pots=1000 499 595 806 cv1=1(raw 999) cv2=1(raw 999)
staging copies=251 failures=0 stack_free=16620 mdma_lists=274496 mdma_errors=0 mdma_status=0x0 mdma_maxpolls=3366 list=229/236 us timed=1000
